"URL","Image URL","ASIN","Title","Brand","Fulfillment","Category","BSR","UPC","GTIN","EAN","ISBN","Subcategory","Subcategory BSR","Price","Price Trend (90 days) (%)","Parent Level Sales","ASIN Sales","Sales Trend (90 days) (%)","Parent Level Revenue","ASIN Revenue","Review Count","Reviews Rating","Seller","Seller Country/Region","Number of Active Sellers","Last Year Sales","Sales Year Over Year (%)","Size Tier","Length","Width","Height","Weight","Storage Fee (Jan - Sep)","Storage Fee (Oct - Dec)","Best Sales Period","Age (Month)","Number of Images","Variation Count","Sales to Reviews"
"https://amazon.com/dp/B00CF48I9Y","https://m.media-amazon.com/images/I/51q-mWHKzCL._SX450_.jpg","B00CF48I9Y","Natural Sciatica Relief System 2013 (3 DVDs)","N/A","FBM","Movies & TV",180742,610694105129,"N/A",0610694105129,"N/A",,132874,29.95,-5,119,119,43,10240.77,10240.62,43,3.7,"Sugarhouse Book Works","USA",2,1328,561,"Large Standard-Size",1.14,5.35,7.4,0.35,"N/A","N/A","11/30/2024",148,1,0,2.76
"https://amazon.com/dp/B001J5CKTE","https://m.media-amazon.com/images/I/51NPky4Y+uL._SX450_.jpg","B001J5CKTE","New York Blood","BRAIN DAMAGE FILMS","FBA","Movies & TV",246642,769529974031,00769529974031,0769529974031,"N/A",,10433,29.99,"N/A",102,102,,9426.55,9425.43,19,3.5,"RapidPrimePros","USA",3,253,175,"Small Standard-Size",7.1,5.42,0.58,0.18,11.28,31.12,"07/31/2025",202,1,0,5.36
"https://amazon.com/dp/B004QD47YW","https://m.media-amazon.com/images/I/91tT5nHktSL._SX450_.jpg","B004QD47YW","One Fine Day/Solaris - double feature; George Clooney, Michelle Pfeiffer","N/A","FBM","Movies & TV",251383,024543528012,"N/A",0024543528012,"N/A",,22969,20.05,-44,143,143,345,8219.49,8218.93,"N/A","N/A","Goodwill Retail Services, Inc.","USA",2,845,"N/A","Small Standard-Size",7.1,5.42,0.58,0.18,"N/A","N/A","12/31/2024",173,1,0,"N/A"
"https://amazon.com/dp/B0B23LV5Q5","https://m.media-amazon.com/images/I/41kW1wMdzqL._SX450_.jpg","B0B23LV5Q5","212XL Ink Cartridges Remanufactured for Epson 212 212XL T212XL T212 Ink Cartridge Combo 4 Pack Work with Epson WF-2850 WF-2830 XP-4100 XP-4105 Printer, New Upgraded Chips (Black Cyan Magenta Yellow)","Wiseta","FBA","Office Products",25186,753459095232,"N/A",0753459095232,"N/A","Inkjet Ink Cartridges",834,26.26,-71,130,140,,6481.71,7002.79,285,3.7,"Dongguan Zhenyi Trading Co., Ltd.","China",5,0,"N/A","Large Standard-Size",2.72,2.99,3.62,0.31,14.82,40.89,"07/31/2025",39,1,0,0.45
"https://amazon.com/dp/B0081G0X2A","https://m.media-amazon.com/images/I/91qVa76dq5L._SX450_.jpg","B0081G0X2A","Christian Heritage Art Program Complete DVD Set - Levels 1-8","Christian Heritage Art Program St. Cecilia Congregation","FBA","Movies & TV",224538,661799463911,"N/A",0661799463911,"N/A",,168092,25.25,-80,122,122,6,6632.96,6631.9,"N/A","N/A","Family Fun Store","USA",1,0,"N/A","Small Standard-Size",7.1,5.42,0.58,0.18,11.28,31.12,"06/30/2025",159,4,0,"N/A"
"https://amazon.com/dp/B0F428W2ZQ","https://m.media-amazon.com/images/I/81qzL-VvtcL._SX450_.jpg","B0F428W2ZQ","Reusable Pain Patch, for Sore Muscle Relief - Pain Relief Patches for Back, Foot, Knee, Neck & More, Easy Adhesive Application, Fast Acting - Includes 1 Patch, 3 Adhesives&1 Carry Case-006","Teemofe","FBA","Health & Household",186354,709347232708,"N/A",0709347232708,"N/A","Medications",467,24.99,63,13,145,,319.01,6155.59,41,3.4,"jiangruichen","China",1,0,"N/A","Small Standard-Size",0.71,5.59,7.68,0.18,15.35,42.33,"07/31/2025",4,8,0,0.31
"https://amazon.com/dp/B07GGCZ7GS","https://m.media-amazon.com/images/I/617rNfJ7MgL._SX450_.jpg","B07GGCZ7GS","The Sexorcist / Deviates In Love","Vinegar Syndrome","FBM","Movies & TV",303157,814456021805,00814456021805,0814456021805,"N/A",,233087,23.73,-34,131,131,101,5916.43,5915.02,7,3.5,"Go_Peachy","USA",1,641,2189,"Small Standard-Size",0.58,5.42,7.1,0.18,"N/A","N/A","06/30/2025",84,2,0,18.75
"https://amazon.com/dp/166811335X","https://m.media-amazon.com/images/I/81OwRHI0DRL._SX450_.jpg","166811335X","Separation of Church and Hate","Blackstone Publishing","Amazon","Books",1074156,"N/A",09781668113356,9781668113356,"166811335X","Civics & Citizenship",5,25.99,"N/A",147,147,,5891.26,5891.18,"N/A","N/A","Amazon","N/A",2,0,"N/A","Large Standard-Size",6.75,6.88,1,1,"N/A","N/A","06/30/2025",3,1,0,"N/A"
"https://amazon.com/dp/B0DL4VSBCG","https://m.media-amazon.com/images/I/91tfvKEk6LL._SX450_.jpg","B0DL4VSBCG","Adults Only 18+ [BLACKED] 2020 Interracial Threesomes Volume 9 DVD","Blacked.com","FBM","Movies & TV",81755,784300485056,"N/A",0784300485056,"N/A",,55782,29.99,77,131,131,-18,5811.89,5811.09,"N/A","N/A","Cinema Cornucopia","USA",2,0,"N/A","Large Standard-Size",9,7,1,0.44,"N/A","N/A","11/30/2024",10,1,0,"N/A"
"https://amazon.com/dp/B0FF4L834M","https://m.media-amazon.com/images/I/61oJoEZUzpL._SX450_.jpg","B0FF4L834M","TERPINK Golf Swing Trainer, Golf Grip Trainer, 2 in 1 SquareSet Control, Instant Feel-Based Feedback, Training Aid, Golf Grip Kit, Grip Trainer to Train Correct Hand Position Accessory for Beginners","TERPINK","FBA","Sports & Outdoors",81021,"N/A","N/A","N/A","N/A","Swing Trainers",279,28.99,-36,122,122,,5784.1,5783.82,6,2.1,"MirageLeo8492","China",1,0,"N/A","Large Standard-Size",3.39,5,6.65,0.29,56.75,156.55,"06/30/2025",2,7,0,61.05
"https://amazon.com/dp/B00014W9YA","https://m.media-amazon.com/images/I/31l9MK9JBgL._SX450_.jpg","B00014W9YA","Jimi Hendrix : The last 24 hours","N/A","FBA","Movies & TV",470003,"N/A","N/A",5060071500231,"N/A",,373292,29.99,-17,136,136,42,5744.81,5743.91,27,3.4,"Media Supplies Outlet","USA",3,1768,1163,"Small Standard-Size",7.1,5.42,0.58,0.18,11.28,31.12,"11/30/2024",192,1,0,5.02
"https://amazon.com/dp/B000LV6OAI","https://m.media-amazon.com/images/I/81xaWBb6n7L._SX450_.jpg","B000LV6OAI","A Siren in the Dark (Director's Cut)","Ariztical Entertainment","Amazon","Movies & TV",307471,631008063898,00631008063898,0631008063898,"N/A",,40961,29.95,-53,125,125,115,5572.42,5572.31,109,3.4,"Amazon","N/A",2,934,613,"Small Standard-Size",0.55,5.35,7.44,0.2,"N/A","N/A","11/30/2024",222,1,0,1.14
"https://amazon.com/dp/B06XSMYQD2","https://m.media-amazon.com/images/I/512R6tBpzwL._SX450_.jpg","B06XSMYQD2","Baa Baa Black Sheep Volume 1 Disc 2","N/A","FBA","Movies & TV",307109,025192776724,"N/A",0025192776724,"N/A",,236453,29.99,-22,144,144,43,5521.61,5520.74,1,3,"RapidPrimePros","USA",2,1507,"N/A","Large Standard-Size",4,4,1,0.4,8.06,22.22,"03/31/2025",100,2,0,144.19
"https://amazon.com/dp/B0F7HG117L","https://m.media-amazon.com/images/I/713-tT2kBmL._SX450_.jpg","B0F7HG117L","Sleep Earbuds, Mini ANC Wireless Earbuds Bluetooth 5.4 Headphones Deep Bass Stereo, 48H Playtime Ear Buds, 4 ENC Noise Cancelling Mic, In Ear IP7 Waterproof Earphones for Side Sleepers,Touch Control","aggoo","FBA","Electronics",42835,"N/A","N/A","N/A","N/A","Earbud Headphones",3092,29.99,-39,146,128,,6450.15,5431.92,69,3,"huangxinpeng","N/A",1,0,"N/A","Large Standard-Size",1.42,3.19,3.58,0.2,8.16,22.52,"06/30/2025",3,9,1,2.12
"https://amazon.com/dp/B000O8RFRY","https://m.media-amazon.com/images/I/51yKU9Z9AYL._SX450_.jpg","B000O8RFRY","Warren Miller's Steep and Deep","OWNSUN","FBM","Movies & TV",73709,826663853193,"N/A",0826663853193,"N/A",,49856,29.07,68,131,131,,5393.84,5392.6,10,3.6,"Shakespeare Book House","USA",2,1425,1078,"Small Standard-Size",7.1,5.42,0.58,0.18,"N/A","N/A","11/30/2024",221,1,0,13.09
"https://amazon.com/dp/B0F2P76DSF","https://m.media-amazon.com/images/I/71tooOLD22L._SX450_.jpg","B0F2P76DSF","Burrp/Más Carnaza [Blu-ray]","Massacre Video","Amazon","Movies & TV",93731,860013028329,"N/A",0860013028329,"N/A",,3863,25.99,-20,136,136,-12,5329.26,5329.09,"N/A","N/A","Amazon","N/A",1,0,"N/A","Small Standard-Size",0.55,5.39,6.89,0.22,"N/A","N/A","03/31/2025",4,2,0,"N/A"
"https://amazon.com/dp/B0D9TZLYH6","https://m.media-amazon.com/images/I/71p0GAJ+8TL._SX450_.jpg","B0D9TZLYH6","Phantom of the Opera and Les Miserables - DVD Set","Generic","FBM","Movies & TV",35917,"N/A","N/A","N/A","N/A",,5814,29.74,-20,135,135,-14,5198.09,5197.37,"N/A","N/A","Fare North","USA",2,0,"N/A","Small Standard-Size",7,5.5,0.5,0.4,"N/A","N/A","04/30/2025",13,3,0,"N/A"
"https://amazon.com/dp/B00IBKXTCW","https://m.media-amazon.com/images/I/91SCclCJEhL._SX450_.jpg","B00IBKXTCW","Republic of Doyle, Season 1","AcornMedia","FBA","Movies & TV",100024,054961219896,00054961219896,0054961219896,"N/A",,70444,29.99,-37,141,141,12,5171.24,5170.75,177,3.6,"RapidPrimePros","USA",6,1470,536,"Small Standard-Size",0.63,5.39,7.52,0.24,12.86,35.47,"11/30/2024",138,1,0,0.8
"https://amazon.com/dp/B08LKFF4NT","https://m.media-amazon.com/images/I/818ndTeY-hL._SX450_.jpg","B08LKFF4NT","Small Town Teen Witches Magical Halloweentown Disney DVD Movie Family Fun Halloween + Kalbar's Revenge & Teen Witch Triple Feature","N/A","FBM","Movies & TV",267021,799996176096,"N/A",0799996176096,"N/A",,202975,29.95,-33,146,146,176,5123.06,5122.94,"N/A","N/A","_Altair_","USA",2,1193,"N/A","Large Standard-Size",2,2,1,1,"N/A","N/A","11/30/2024",58,1,0,"N/A"
"https://amazon.com/dp/B00C2RHAQQ","https://m.media-amazon.com/images/I/81mzOR0gnKL._SX450_.jpg","B00C2RHAQQ","The Girl From Nowhere [DVD]","Matchbox Films","FBA","Movies & TV",302606,"N/A",05060103793686,5060103793686,"N/A",,40458,20.49,-56,102,102,46,5078.3,5077.35,246,2.6,"In Good Hands Media","USA",1,1094,1040,"Small Standard-Size",7.48,5.35,0.63,0.18,12.7,35.04,"11/30/2024",148,6,0,0.41
"https://amazon.com/dp/B00BDTDWPM","https://m.media-amazon.com/images/I/81UbGT2MQML._SX450_.jpg","B00BDTDWPM","Peanuts: A Charlie Brown Valentine (Paramount/Checkpoint)","veeu","FBA","Movies & TV",206402,097368797024,"N/A",0097368797024,"N/A",,153440,29.99,-49,148,148,99,5072.87,5071.9,5,3.2,"RapidPrimePros","USA",5,1372,507,"Small Standard-Size",7.1,5.42,0.58,0.18,11.28,31.12,"11/30/2024",150,2,0,29.52
"https://amazon.com/dp/B07K2CCXMF","https://m.media-amazon.com/images/I/71ZY+ytTORL._SX450_.jpg","B07K2CCXMF","Calendar Girls (The Young Seducers 3) [DVD]","N/A","FBA","Movies & TV",87796,856968008325,"N/A",0856968008325,"N/A",,60296,24.81,-21,140,140,27,5021.57,5020.99,18,3.7,"Portsmouth Supply International, LLC","USA",4,1510,554,"Small Standard-Size",0.6,5.4,7.5,0.2,12.23,33.75,"11/30/2024",82,4,0,7.77
"https://amazon.com/dp/B0F7X99VXB","https://m.media-amazon.com/images/I/419Pb+-1WrL._SX450_.jpg","B0F7X99VXB","BKDEORS Inflatable Lounger Air Sofa with Detachable Sunshade Inflatable Lounger Beach Chair with Pillow Water Proof& Anti-Air Leaking Design, Portable for Beach Camping Music Festival Backyard","BKDEORS","FBA","Patio, Lawn & Garden",123154,"N/A","N/A","N/A","N/A","Lounge Chairs",194,29.99,"N/A",30,125,,1144,4946.31,4,2.9,"Giemali","China",1,0,"N/A","Large Standard-Size",3.7,11.07,15.4,2.74,317.57,876.07,"07/31/2025",3,7,0,7.48
"https://amazon.com/dp/B004SUDQ8G","https://m.media-amazon.com/images/I/51GGqoiv2BL._SX450_.jpg","B004SUDQ8G","Mr. & Mrs. Bridge","N/A","FBA","Movies & TV",122617,096009773793,00096009773793,0096009773793,"N/A",,18833,29.99,-63,141,141,207,4941.76,4940.48,72,3.7,"RapidPrimePros","USA",1,477,634,"Small Standard-Size",7.5,5.3,0.6,0.1,12.01,33.12,"06/30/2025",173,1,0,1.96
"https://amazon.com/dp/B0D342XY7N","https://m.media-amazon.com/images/I/91kt1TIXsrL._SX450_.jpg","B0D342XY7N","Without Name [Blu-ray]","Vinegar Syndrome","Amazon","Movies & TV",127194,814456029573,"N/A",0814456029573,"N/A",,4843,26.49,20,145,145,21,4922.03,4921.19,56,3.1,"Amazon","N/A",1,1779,"N/A","Small Standard-Size",0.55,5.31,6.77,0.22,"N/A","N/A","11/30/2024",15,6,0,2.59
"https://amazon.com/dp/B0BQCSFRS6","https://m.media-amazon.com/images/I/513I2qVXYML._SX450_.jpg","B0BQCSFRS6","Wild Westerns: Tombstone and Young Guns Blu-ray Collection + Including Bonus Art Card","Generic","FBA","Movies & TV",161728,"N/A","N/A","N/A","N/A",,787,29.96,-33,141,141,4,4751.71,4750.17,"N/A","N/A","We Care Media","USA",2,0,"N/A","Large Standard-Size",7,6,1,0.31,21.15,58.33,"11/30/2024",32,2,0,"N/A"
"https://amazon.com/dp/B01LTHKMTG","https://m.media-amazon.com/images/I/71RlX2aE3aL._SX450_.jpg","B01LTHKMTG","The Glass Key - La Llave De Cristal (1942) (Blu-Ray)","Llamentol","FBA","Movies & TV",275064,"N/A","N/A",8436022231696,"N/A","Chalk",1291,24.09,-33,144,144,4,4742.65,4741.1,4,3.7,"DaaVeeDee","USA",4,869,43350,"Small Standard-Size",0.39,5.43,6.69,0.18,7.21,19.88,"06/30/2025",107,2,0,35.95
"https://amazon.com/dp/B000IU4DK0","https://m.media-amazon.com/images/I/61WW6QTES1L._SX450_.jpg","B000IU4DK0","Dreamworks Interactive DVD Game","N/A","FBA","Movies & TV",290124,"N/A","N/A",5051189132230,"N/A",,222185,29.49,-50,147,147,97,4740.01,4738.65,16,3.6,"Travs Flips","USA",6,1212,677,"Small Standard-Size",0.55,5.31,7.56,0.18,11.15,30.76,"11/30/2024",156,1,0,9.18
"https://amazon.com/dp/B0FGPJM4XP","https://m.media-amazon.com/images/I/41jIX2IruPL._SX450_.jpg","B0FGPJM4XP","Gclcm Grand Floats Float-N-Fold Water Recliner Chair – TPE Pool Float Adults, Fun Outdoor Sizes 60/100cm (Blue, 100)","Gclcm","FBA","Toys & Games",76163,"N/A","N/A","N/A","N/A","Pool Rafts & Inflatable Ride-ons",806,29.99,32,159,108,,6280.41,4652.94,6,1,"Gclcm","China",1,0,"N/A","Large bulky",2.7,2.8,39.3,0.6,149.59,412.65,"06/30/2025",1,4,0,26.5
"https://amazon.com/dp/B004XZ99TQ","https://m.media-amazon.com/images/I/81zFiG59XkL._SX450_.jpg","B004XZ99TQ","The Incredible Journey of Mary Bryant: The Complete 2 Part Miniseries [Blu-ray]","SHOUT! FACTORY","FBA","Movies & TV",225970,011301203526,00011301203526,0011301203526,"N/A",,11351,29.99,"N/A",146,146,,4648.02,4646.95,14,3.7,"Destination Flips","USA",1,1058,"N/A","Small Standard-Size",0.58,5.42,7.1,0.18,11.28,31.12,"01/31/2025",172,1,0,10.45
"https://amazon.com/dp/B0FGYHS6FN","https://m.media-amazon.com/images/I/71JK7jarbML._SX450_.jpg","B0FGYHS6FN","(2 Pack) LipoMounj Pro Drops - Official LipoMounj Pro Droppers Premium Advanced Formula Support, Natural Liquid Formula Supplement for Overall Wellness and Support Health, 2 Bottles for 2 Months","LIVORKA","FBA","Health & Household",143847,"N/A",30850076944200,"N/A","N/A","Blended Vitamin & Mineral Supplements",6461,29.95,-25,114,114,,4639.51,4639.37,1,1,"SunriseSelections","USA",2,0,"N/A","Large Standard-Size",1.93,3.7,5.98,0.62,21.5,59.31,"06/30/2025",1,8,0,113.88
"https://amazon.com/dp/B003IZUAWC","https://m.media-amazon.com/images/I/71CVXsSi6iL._SX450_.jpg","B003IZUAWC","La danse : le ballet de l'opéra de Paris","N/A","FBM","Movies & TV",272059,"N/A","N/A",3346030021927,"N/A",,207164,27.92,-26,137,137,26,4615.92,4615.68,61,3.6,"Prestivo","France",3,1249,1229,"Small Standard-Size",7.64,5.35,0.59,0.33,"N/A","N/A","11/30/2024",156,1,0,2.25
"https://amazon.com/dp/B0771JSCJ2","https://m.media-amazon.com/images/I/A1eIeANy-LL._SX450_.jpg","B0771JSCJ2","Rebels With A Cause : How A Battle Over California Land Changed The Landscape Forever ( A 72 Minute and 57 Minute DVD)","N/A","FBM","Movies & TV",389299,"N/A","N/A","N/A","N/A",,305061,24.99,9,134,134,61,4597.93,4597.2,0,"N/A","Pipmora","USA",2,1513,672,"Small Standard-Size",0.63,5.35,7.56,0.19,"N/A","N/A","12/31/2024",94,1,0,"N/A"
"https://amazon.com/dp/B01C8RGGR8","https://m.media-amazon.com/images/I/81Js08SoKiL._SX450_.jpg","B01C8RGGR8","The Woods [DVD]","N/A","FBM","Movies & TV",461372,"N/A",05028836032915,5028836032915,"N/A",,366034,27.31,-26,138,138,67,4579.01,4577.49,9,3.4,"Gagazet Media","United Kingdom of Great Britain and Northern Ireland",2,0,"N/A","Small Standard-Size",0.71,5.43,7.56,0.22,"N/A","N/A","06/30/2025",113,1,0,15.35
"https://amazon.com/dp/B0FJF419JF","https://m.media-amazon.com/images/I/61xC1UAZ9ML._SX450_.jpg","B0FJF419JF","Revitalyn Gummies, Revitalin Apple Cider Vinegar Pectin Supplement for Wrinkles Skin Renewal Youthful Glow for Women, Revitalign Revitalizing Revital Applecider Aging Beauty Care Healthy Hair (60 Ct)","Vitaluxa","FBM","Health & Household",123008,"N/A","N/A","N/A","N/A","Blended Vitamin & Mineral Supplements",5461,24.95,-14,147,147,,4566.46,4566.28,"N/A","N/A","American Family Marketplace","USA",1,0,"N/A","Small Standard-Size",8,4,0.5,0.19,"N/A","N/A","07/31/2025",1,9,0,"N/A"
"https://amazon.com/dp/B018632NHK","https://m.media-amazon.com/images/I/71Qha9MA31L._SX450_.jpg","B018632NHK","Under the Volcano [ Blu-Ray, Reg.A/B/C Import - Spain ]","N/A","FBM","Movies & TV",211637,"N/A","N/A",8436558192980,"N/A",,11588,29,1,138,138,1,4561.44,4559.91,4,3.6,"DaaVeeDee","USA",3,0,"N/A","Small Standard-Size",6.85,5.31,0.47,0.15,"N/A","N/A","11/30/2024",116,2,0,34.57
"https://amazon.com/dp/B0000CEROF","https://m.media-amazon.com/images/I/51KVRW47XYL._SX450_.jpg","B0000CEROF","Navy SEALS: SEAL CQB/SEAL H2H/SEAL Knife/SEAL Sniper [DVD]","N/A","FBA","Movies & TV",260235,787364501991,00787364501991,0787364501991,"N/A",,197375,29.96,-40,113,113,24,4550.85,4550.7,11,3.4,"Chapel Books","USA",4,1220,"N/A","Large Standard-Size",7.4,5.3,0.9,0.3,17.8,49.11,"11/30/2024",227,1,0,10.3
"https://amazon.com/dp/B0DPJFY3CM","https://m.media-amazon.com/images/I/41BcjR2Tx8L._SX450_.jpg","B0DPJFY3CM","A Little More Flesh [Blu-ray]","Vinegar Syndrome","Amazon","Movies & TV",278499,810161481163,"N/A",0810161481163,"N/A",,7888,26.49,-45,141,141,16,4532.43,4531.07,"N/A","N/A","Amazon","N/A",1,0,"N/A","Small Standard-Size",0.55,5.35,6.69,0.15,"N/A","N/A","11/30/2024",8,5,0,"N/A"
"https://amazon.com/dp/B08JCG8PYV","https://m.media-amazon.com/images/I/6171i3+uDNL._SX450_.jpg","B08JCG8PYV","JAPANESE GRAVURE IDOL Adult Marshmallow Sweets / Miki Ayano BD [Blu-ray]","N/A","FBM","Movies & TV",421142,"N/A","N/A",4570066050838,"N/A",,92768,30,-26,150,150,44,4504.59,4504.48,"N/A","N/A","ITTHAMONDeliveryMayTakeWeeksPLeaseCheckETA","USA",1,0,"N/A","Small Standard-Size",0.59,5.31,6.81,0.18,"N/A","N/A","11/30/2024",59,2,0,"N/A"
"https://amazon.com/dp/B0F2YJLQ6C","https://m.media-amazon.com/images/I/71roPPxXrvL._SX450_.jpg","B0F2YJLQ6C","ZHIXING 137-7046 Deflector Chute w/Mounting Hardware Compatible with Toro Timecutter Exmark Quest E-Series 42"" Mower SW4200 ZS4200S 75742 74665 75748 75749 74667 74677 74705 74711 75742TA 75742W","ZHIXING","FBA","Patio, Lawn & Garden",29194,"N/A","N/A","N/A","N/A","Grass Catchers",6,29.89,-41,150,150,-2,4504.85,4503.31,21,3.7,"Lawnpro","China",1,0,"N/A","Large bulky",5.08,17.4,20.59,2.49,916.32,2527.77,"06/30/2025",3,7,0,7.16
"https://amazon.com/dp/B0CKZWM62J","https://m.media-amazon.com/images/I/717sySuCqXL._SX450_.jpg","B0CKZWM62J","Zhou Nutrition Creatine Monohydrate Chewables 5g for Men & Women, Sugar Free, Organic, Non GMO, Pink Lemonade, 60 Creatine Gummies","ZHOU","FBA","Health & Household",79271,669191204569,00669191204569,0669191204569,"N/A","Creatine",334,29.99,-14,146,146,-42,4504.09,4502.49,128,3.1,"LUMlNlZE","USA",2,2594,"N/A","Large Standard-Size",2.17,6.5,7.8,0.82,55.39,152.8,"12/31/2023",22,6,0,1.15
"https://amazon.com/dp/B0815YJ5KD","https://m.media-amazon.com/images/I/51+OaKrcr-L._SX450_.jpg","B0815YJ5KD","Aadmi (Brand New Single Disc Dvd, Hindi Language, With English Subtitles, Released By DEI) Made In USA","N/A","FBM","Movies & TV",459543,616932609244,"N/A",0616932609244,"N/A",,364536,29,-38,126,126,11,4500.77,4500.61,"N/A","N/A","Planet Bollywood","USA",1,907,"N/A","Large Standard-Size",7,7,3,0.31,"N/A","N/A","05/31/2025",69,2,0,"N/A"
"https://amazon.com/dp/B0DK1PCHB6","https://m.media-amazon.com/images/I/71BWKO0t3yL._SX450_.jpg","B0DK1PCHB6","FFshiye 5pack C6-2 String Trimmer Head for Stihl FS38 FS40 FS40C FS45 FS46 FS50 FS50C FSA60R FSA86R FSE60 FSE71 FSE81","FFshiye","FBA","Patio, Lawn & Garden",83064,"N/A","N/A","N/A","N/A","Replacement Parts",1541,29.99,122,150,150,8433,4500.72,4499.1,11,3.1,"FFSHIYE US","China",1,0,"N/A","Large Standard-Size",3.58,12.83,15.98,3.4,369.54,1019.42,"06/30/2025",7,6,0,13.64
"https://amazon.com/dp/B07B8C91B4","https://m.media-amazon.com/images/I/81YhUG4AtcL._SX450_.jpg","B07B8C91B4","WING CHUN MASTERS Vol-1 featuring Sifu Francis Fong - Sifu Allan Lee Kong","N/A","FBM","Movies & TV",477490,"N/A","N/A",8526684220340,"N/A",,379449,29.95,-10,150,150,89,4496.06,4495.93,3,3.7,"em3Video","USA",2,1092,443,"Small Standard-Size",0.51,5.35,7.48,0.19,"N/A","N/A","11/30/2024",89,1,0,50.04
"https://amazon.com/dp/B0F6CBDY5B","https://m.media-amazon.com/images/I/81kMnUIwGAL._SX450_.jpg","B0F6CBDY5B","Qwiayeal Mahjong Mat with Rules for Table with 6 Mahjong Playing Instructions,4 Mahjong Tile Mixer & 4 Dice,Non-Slip and Silent Travel Mahjong Set for Mahjong/Poker/Board Games/Card Games/Dominoes","Qwiayeal","FBA","Toys & Games",70440,"N/A","N/A","N/A","N/A","Game Mats & Boards",84,26.99,4,138,138,,4493.19,4492.3,16,3.7,"Qwiayeal","N/A",1,0,"N/A","Large Standard-Size",2.56,8.47,9.06,2.55,98.91,272.85,"06/30/2025",4,7,0,8.61
"https://amazon.com/dp/B0DCS84W79","https://m.media-amazon.com/images/I/51v6pV-ErbL._SX450_.jpg","B0DCS84W79","AYIXITIELU Large Tent Storage Bag Tent Pole Bag - 83''L x 12''W - Tailored for Tent Poles, Suitable for Various Party Tent Canopy Models, Heavy-Duty Design with Reinforced Handles and Dual Zipper","AYIXITIELU","FBA","Patio, Lawn & Garden",47159,"N/A","N/A","N/A","N/A","Accessories",125,29.99,-24,149,149,-51,4477.91,4476.31,56,3.7,"AYiXi","China",1,0,"N/A","Large Standard-Size",2.99,8.03,11.65,2.54,140.83,388.49,"04/30/2025",12,7,0,2.67
"https://amazon.com/dp/B0094AH37K","https://m.media-amazon.com/images/I/71glWJo9FlL._SX450_.jpg","B0094AH37K","Giovanna D'arco","C Major","FBM","Movies & TV",429262,814337012137,00814337012137,0814337012137,"N/A",,94033,28.44,-37,148,148,63,4475.07,4473.87,34,2.8,"ProMediaEtc","USA",13,1684,84100,"Small Standard-Size",6.77,5.35,0.39,0.26,"N/A","N/A","11/30/2024",154,3,0,4.34
"https://amazon.com/dp/B0F6K8LJJ6","https://m.media-amazon.com/images/I/716GM5oSyYL._SX450_.jpg","B0F6K8LJJ6","Electric Rat Trap, Humane & Efficient Mouse Trap Upgraded Instantly Kill Rodent Zapper, Works for Mice Rats Chipmunks Squirrels, No Touch, Non-Toxic","Vivideal","FBA","Patio, Lawn & Garden",145761,"N/A","N/A","N/A","N/A","Traps",2296,29.99,"N/A",25,149,,754.53,4469.64,32,3.7,"TMR Lighting","USA",1,0,"N/A","Large Standard-Size",4.17,5.12,8.7,1.39,93.52,257.98,"07/31/2025",1,9,0,0.79
"https://amazon.com/dp/B0F8LG8STL","https://m.media-amazon.com/images/I/41zSkuDNYCL._SX450_.jpg","B0F8LG8STL","The Tragedy Of Man","Deaf Crocodile","Amazon","Movies & TV",8910,850066568279,"N/A",0850066568279,"N/A",,4644,29.99,-22,149,149,,4462.87,4461.25,"N/A","N/A","Amazon","N/A",7,0,"N/A","Small Standard-Size",0.55,5.28,6.77,0.17,"N/A","N/A","05/31/2025",3,3,0,"N/A"
"https://amazon.com/dp/B0FJFWCSRJ","https://m.media-amazon.com/images/I/61CDJBClXpL._SX450_.jpg","B0FJFWCSRJ","Eat Sleep Grow A Garden Repeat Universal Large Capacity Durable Backpack - Waterproof Laptop Backpack For School Anti-Theft Design - Unisex","Generic","FBM","Clothing, Shoes & Jewelry",225435,"N/A","N/A","N/A","N/A","Backpacks",6666,29.99,-58,148,148,,4453.14,4451.59,"N/A","N/A","yunruishizhuangquxiao","China",1,0,"N/A","Large Standard-Size",9.02,8.98,1.65,0.71,"N/A","N/A","07/31/2025",1,8,0,"N/A"
"https://amazon.com/dp/B0002US53W","https://m.media-amazon.com/images/I/41KEC34X1QL._SX450_.jpg","B0002US53W","Beginners Easy Stretch Exercise DVD, Easy Yoga, Dance Stretches, Better Posture, Improve flexibility and balance, increase range of motion: Fabulous Forever Easy Stretch by Mirabai Holland","N/A","FBA","Movies & TV",105663,823543000593,"N/A",9780971286856,"097128685X",,1526,29.99,-21,148,148,,4434.95,4433.33,26,3.6,"RapidPrimePros","USA",4,365,3956,"Small Standard-Size",0.55,5.35,7.48,0.18,11.11,30.66,"07/31/2025",227,1,0,5.69
"https://amazon.com/dp/B0CSQKMN6D","https://m.media-amazon.com/images/I/71LL0H9B+SL._SX450_.jpg","B0CSQKMN6D","Cat Person (Blu-ray)","N/A","FBM","Movies & TV",219321,777235038442,"N/A",0777235038442,"N/A",,56911,29.99,-29,148,148,21,4434.2,4432.59,3,3.3,"PL FILM","Canada",4,0,"N/A","Small Standard-Size",0.47,5.31,6.81,0.02,"N/A","N/A","06/30/2025",19,2,0,49.29
"https://amazon.com/dp/B0D5WLZB6X","https://m.media-amazon.com/images/I/81+Kj1XfE0L._SX450_.jpg","B0D5WLZB6X","Feed Me [Blu-ray]","XYZ Films","Amazon","Movies & TV",209452,814456029962,"N/A",0814456029962,"N/A",,6679,26.49,-6,147,147,25,4430.5,4428.91,56,3.6,"Amazon","N/A",2,1572,"N/A","Small Standard-Size",0.51,5.35,6.73,0.18,"N/A","N/A","12/31/2024",14,7,0,2.62
"https://amazon.com/dp/B0CXB18CQM","https://m.media-amazon.com/images/I/6158y3SwfNL._SX450_.jpg","B0CXB18CQM","Judi Dench: Triple Film Collection (Tea With The Dames / Red Joan / Six Minutes To Midnight) - All-Region/1080p Special Edition","N/A","FBA","Movies & TV",229613,"N/A","N/A",9337369040707,"N/A",,12166,29.9,-15,148,148,106,4421.93,4420.31,"N/A","N/A","Smokecds","New Zealand",12,1683,"N/A","Small Standard-Size",0.71,5.35,6.81,0.33,13.02,35.93,"11/30/2024",17,1,0,"N/A"
"https://amazon.com/dp/B0C6YLK9K9","https://m.media-amazon.com/images/I/412UXXIeeiL._SX450_.jpg","B0C6YLK9K9","It Happened at Nightmare Inn ( Una vela para el diablo ) [ Blu-Ray, Reg.A/B/C Import - Spain ]","N/A","FBA","Movies & TV",344523,734006553849,"N/A",0734006553849,"N/A",,8771,27.98,-28,150,150,20,4420.93,4419.31,5,3.7,"DaaVeeDee","USA",2,0,"N/A","Small Standard-Size",7.48,5.31,0.39,0.18,7.72,21.3,"11/30/2024",26,1,0,29.92
"https://amazon.com/dp/B00EJSU09A","https://m.media-amazon.com/images/I/61gSY7iHeBL._SX450_.jpg","B00EJSU09A","The Horseman on the Roof ( Le hussard sur le toit ) [ Blu-Ray, Reg.A/B/C Import - Spain ]","N/A","FBM","Movies & TV",175556,"N/A","N/A",8436548860271,"N/A",,47813,29.5,-8,150,150,-16,4416.98,4416.87,73,3.5,"ArcoCeleste DVD","Spain",1,1741,"N/A","Small Standard-Size",6.93,5.43,0.47,0.18,"N/A","N/A","12/31/2024",144,2,0,2.05
"https://amazon.com/dp/0842526196","https://m.media-amazon.com/images/I/11HQItjeydL._SX450_.jpg",0842526196,"Small Fortunes - Microcredit and the Future of Poverty","N/A","FBA","Movies & TV",309363,"N/A","N/A",9780842526197,0842526196,,238352,29.12,-29,150,150,34,4416.58,4415.83,4,2,"RapidPrimePros","USA",2,1176,39100,"Small Standard-Size",7.1,5.42,0.58,0.18,11.28,31.12,"11/30/2024",208,1,0,37.52
"https://amazon.com/dp/B0F62T4FSS","https://m.media-amazon.com/images/I/71DGj+93UYL._SX450_.jpg","B0F62T4FSS","Haudio 7"" Portable Car Stereo with Wireless CarPlay/Android Auto, HD Touchscreen Car Radio with Backup Camera/Voice Control/BT 5.0/ GPS/FM Satellite Radio/SD/TF Card for All Vehicles","Haudio","FBA","Electronics",23135,761709916268,"N/A",0761709916268,"N/A","Digital Media Receivers",17,29.99,499,105,140,,3240.43,4393.92,31,3.7,"SHANGJINGEU","China",1,0,"N/A","Large Standard-Size",3.54,5.39,8.86,1.87,85.11,234.8,"06/30/2025",4,8,0,3.49
"https://amazon.com/dp/B06X8ZC9ZH","https://m.media-amazon.com/images/I/81vg4jDT5HL._SX450_.jpg","B06X8ZC9ZH","The Donald Farmer Collection Vol. 2: Homicidal & More","N/A","Amazon","Movies & TV",343141,674945130438,00674945130438,0674945130438,"N/A",,8749,29.95,-22,147,147,55,4393.19,4393.09,"N/A","N/A","Amazon","N/A",1,1281,624,"Small Standard-Size",0.59,5.43,7.09,0.18,"N/A","N/A","12/31/2024",102,1,0,"N/A"
"https://amazon.com/dp/B004EJTGRG","https://m.media-amazon.com/images/I/81F2D2wmnEL._SX450_.jpg","B004EJTGRG","Kids Yoga DVDs – Scooter & Me Mind Series (Set of 3) for Focus, Self-Awareness & Self-Control","Move With Me Action Adventures","FBA","Movies & TV",211384,850755003012,00850755003012,0850755003012,"N/A",,3445,29.99,-59,103,103,3656,4388.25,4387.47,7,2,"RapidPrimePros","USA",2,553,591,"Small Standard-Size",7.5,5.3,0.5,0.4,10.01,27.6,"11/30/2024",176,2,0,14.71
"https://amazon.com/dp/B0DSKDRKSR","https://m.media-amazon.com/images/I/41VidzKeecL._SX450_.jpg","B0DSKDRKSR","Cooling Fan,4-IN-1 Air Cooler w/ 3-Level Humidify & 4 Speeds, 7-Color Night Lights, 8H Timer for Smart Auto-off, 2.0L Tank Desk Misting Fan for Bedroom Room Office Living Room","Gemce","FBA","Home & Kitchen",358631,"N/A","N/A","N/A","N/A","Personal Fans",1285,29.99,-63,129,129,169,4386.29,4386.14,49,3.5,"weimatech","China",1,0,"N/A","Large Standard-Size",6.46,7.2,14.57,5,341.19,941.22,"06/30/2025",7,6,0,2.8
"https://amazon.com/dp/B009G248AG","https://m.media-amazon.com/images/I/51vx85CsymL._SX450_.jpg","B009G248AG","Malcolm in the Middle: The Complete Second Season REGION 2 PAL","N/A","FBM","Movies & TV",154090,"N/A","N/A",5030697021458,"N/A",,111786,25.84,-41,127,127,29,4382.31,4382.18,120,3.6,"OxfordshireEngland","United Kingdom of Great Britain and Northern Ireland",5,1354,391,"Small Standard-Size",0.63,5.35,7.52,0.35,"N/A","N/A","11/30/2024",154,1,0,1.06
"https://amazon.com/dp/B0CBCHPDP1","https://m.media-amazon.com/images/I/717JnT9e9kL._SX450_.jpg","B0CBCHPDP1","MATLOCK: Complete Seasons 1-4 TV Series (1 2 3 4) Andy Griffith","Generic","FBA","Movies & TV",94540,032429228949,"N/A",0032429228949,"N/A",,65429,29.95,"N/A",146,146,19,4381.85,4381.75,3,3.3,"Captain Shelly Stone","USA",6,1485,"N/A","Large Standard-Size",2.64,5.59,7.48,1.57,55.54,153.21,"11/30/2024",25,2,0,48.77
"https://amazon.com/dp/1430085312","https://m.media-amazon.com/images/I/71Sfoi6hIcL._SX450_.jpg",1430085312,"Dwell on These Things - DVD Set: Transform Your Heart and Mind by Memorizing God's Word","N/A","FBA","Movies & TV",145495,081407478562,09781430085317,9781430085317,1430085312,,104921,29.99,-35,146,146,75,4379.27,4377.68,"N/A","N/A","Lifeway Christian Resources","USA",2,0,"N/A","Small Standard-Size",0.59,5.35,7.52,0.21,11.97,33.02,"11/30/2024",12,4,0,"N/A"
"https://amazon.com/dp/B00IZO4IAQ","https://m.media-amazon.com/images/I/71GrzHrPCIL._SX450_.jpg","B00IZO4IAQ","Myth of the american sleepover - combo blu ray + DVD [Blu-ray]","N/A","FBM","Movies & TV",282782,"N/A","N/A",3512391376116,"N/A",,68925,27.99,-45,146,146,20,4378.61,4377.38,26,3.6,"Prestivo","France",1,1629,"N/A","Small Standard-Size",0.35,5.51,7.48,0.2,"N/A","N/A","11/30/2024",129,1,0,5.6
"https://amazon.com/dp/B0FJ1B1KLV","https://m.media-amazon.com/images/I/71tdiWOS74L._SX450_.jpg","B0FJ1B1KLV","Portable Air Conditioners Fan, Mini Air Conditioner with 2 Ice Packs, 3 Speed Anti-leakage Water Personal Ice Air Cooler for Room Desk Office Home Tent(JC-02)","KidzRule","FBA","Home & Kitchen",201993,730198322577,"N/A",0730198322577,"N/A","Portable",264,29.99,"N/A",0,146,,"-",4377.07,12,2.4,"SherryWay Store","China",2,0,"N/A","Large Standard-Size",6.06,6.77,8.58,1.96,177.22,488.9,"-",1,7,0,0
"https://amazon.com/dp/B00009KP0M","https://m.media-amazon.com/images/I/51lgyHmcUCL._SX450_.jpg","B00009KP0M","Before Women Had Wings","N/A","FBM","Movies & TV",162933,"N/A","N/A",5018011200697,"N/A",,118768,29.22,-43,147,147,-2,4368.87,4367.29,44,3.7,"Gagazet Media","United Kingdom of Great Britain and Northern Ireland",2,1081,667,"Small Standard-Size",0.63,5.35,7.44,0.18,"N/A","N/A","11/30/2024",230,1,0,3.34
"https://amazon.com/dp/B004KK3IIC","https://m.media-amazon.com/images/I/91bGtkjIQaL._SX450_.jpg","B004KK3IIC","LORNA DOONE","Sony Pictures","FBA","Movies & TV",185383,054961853199,00054961853199,0054961853199,"N/A",,15821,29.93,-33,146,146,263,4367.67,4366.2,43,3.4,"RapidPrimePros","USA",4,1142,609,"Small Standard-Size",0.51,5.35,7.4,0.17,10.21,28.17,"11/30/2024",175,1,0,3.4
"https://amazon.com/dp/B0015D20EU","https://m.media-amazon.com/images/I/91MwNRlt1wL._SX450_.jpg","B0015D20EU","Sight","Lionsgate","FBA","Movies & TV",147563,031398228578,00031398228578,0031398228578,"N/A",,6000,23.99,92,149,149,130,4364.23,4363.48,7,3.2,"RapidPrimePros","USA",2,393,"N/A","Small Standard-Size",5.3,7.5,0.6,0.2,12.01,33.12,"06/30/2025",209,1,0,21.28
"https://amazon.com/dp/B0055CP9T0","https://m.media-amazon.com/images/I/51G9UcJFqRL._SX450_.jpg","B0055CP9T0","Tenant [Blu-ray]","INDICAN PICTURES","Amazon","Movies & TV",325929,825284100037,00825284100037,0825284100037,"N/A",,8549,28.49,-30,146,146,30,4363.51,4361.93,22,3.5,"Amazon","N/A",1,1560,"N/A","Small Standard-Size",7.1,5.42,0.58,0.18,"N/A","N/A","12/31/2024",170,2,0,6.61
"https://amazon.com/dp/B0F8H6B2WN","https://m.media-amazon.com/images/I/710Tp3rnWdL._SX450_.jpg","B0F8H6B2WN","Psadhi AI Translation Earbuds Real Time, 164 Language Translator Earbuds OWS 3-in-1 Translation Headphones, Translation Device for Travel Business Learning Compatible with iOS and Android（Black）","Psadhi","FBA","Office Products",156860,761651500386,"N/A",0761651500386,"N/A","Foreign Language Translators",458,29.99,"N/A",10,146,,303.44,4357.16,22,3.5,"lianchuanwd","China",2,0,"N/A","Large Standard-Size",1.57,3.35,4.49,0.22,11.89,32.8,"07/31/2025",3,9,0,0.46
"https://amazon.com/dp/B00B4KFV3G","https://m.media-amazon.com/images/I/51CXaCGMpQL._SX450_.jpg","B00B4KFV3G","Visions of Austria","N/A","FBM","Movies & TV",431371,"N/A","N/A","N/A","N/A",,340440,29.99,-70,145,145,24,4350.81,4349.26,11,3,"Pipmora","USA",1,0,"N/A","Small Standard-Size",7.1,5.42,0.58,0.18,"N/A","N/A","10/31/2024",148,1,0,13.19
"https://amazon.com/dp/B005BAF5U4","https://m.media-amazon.com/images/I/91BR7oEY1UL._SX450_.jpg","B005BAF5U4","8-Movie Western Pack: Volume 1","Platinum Disc","FBA","Movies & TV",157038,096009725099,00096009725099,0096009725099,"N/A",,2545,21.39,19,138,138,89,4349.61,4348.5,8,3.4,"RapidPrimePros","USA",4,1036,"N/A","Small Standard-Size",0.71,5.35,7.52,0.25,14.37,39.63,"06/30/2025",169,2,0,17.28
"https://amazon.com/dp/B0DL4Z22FJ","https://m.media-amazon.com/images/I/91UN05nK2qL._SX450_.jpg","B0DL4Z22FJ","Adults Only 18+ [BLACKED] 2018 My First Interracial Volume 12 DVD","N/A","FBM","Movies & TV",78234,784300485100,"N/A",0784300485100,"N/A",,53115,29.99,-37,145,145,-25,4349.82,4348.27,"N/A","N/A","Cinema Cornucopia","USA",1,0,"N/A","Large Standard-Size",9,7,1,0.44,"N/A","N/A","11/30/2024",10,1,0,"N/A"
"https://amazon.com/dp/B0FFJMXDR7","https://m.media-amazon.com/images/I/71FU92JT3IL._SX450_.jpg","B0FFJMXDR7","Audifort Tinnitus Drops, Official Audifort Tinnitus Relief for Ringing Ears, Advanced Ear Health Support Supplement Liquid Drops All Natural for Healthy Ringing Ear, Audi Fort Dropper Reviews (2 Pack)","IDEAL PERFORMANCE","FBA","Health & Household",154228,"N/A","N/A","N/A","N/A","Blended Vitamin & Mineral Supplements",7000,29.95,1,117,117,,4344.11,4343.99,2,3,"Ideal Performance","USA",2,0,"N/A","Small Standard-Size",0.1,0.2,0.3,0.3,0,0.01,"06/30/2025",2,3,0,58.63
"https://amazon.com/dp/B005SGZP06","https://m.media-amazon.com/images/I/71cmqQj7mtL._SX450_.jpg","B005SGZP06","Max & Ruby - DVD Collection","N/A","FBA","Movies & TV",79445,625828610554,00625828610554,0625828610554,"N/A",,54208,30,-28,145,145,23,4336.3,4336.19,23,3.7,"TheBuyz","USA",1,738,"N/A","Small Standard-Size",7.1,5.42,0.58,0.18,11.28,31.12,"06/30/2025",156,1,0,6.28
"https://amazon.com/dp/B07X6YSN9D","https://m.media-amazon.com/images/I/51s9YYJry7L._SX450_.jpg","B07X6YSN9D","Popcorners Snacks Variety Pack | Gluten Free Chips | (24 Pack, 6 Flavor, 1 oz Snack Bags)","Popcorners","FBM","Grocery & Gourmet Food",44266,810607022288,"N/A",0810607022288,"N/A","Corn",77,28.75,-9,147,147,-21,4336.24,4335.82,87,3.6,"The Best USA  Deals","USA",5,0,"N/A","Large bulky",7.7,12.1,19.1,2.65,"N/A","N/A","05/31/2025",71,7,0,1.69
"https://amazon.com/dp/B0DM1QFGHG","https://m.media-amazon.com/images/I/71UjYbL2l+L._SX450_.jpg","B0DM1QFGHG","The Omicron Killer [Blu-ray]","Bayview Entertainment","Amazon","Movies & TV",116387,012233542639,"N/A",0012233542639,"N/A",,4542,26.56,370,135,135,35,4336.55,4335.28,1,1,"Amazon","N/A",7,0,"N/A","Small Standard-Size",0.48,6.67,5.2,0.14,"N/A","N/A","11/30/2024",9,2,0,135.43
"https://amazon.com/dp/B0BQCC9TVJ","https://m.media-amazon.com/images/I/61quqKaQs+L._SX450_.jpg","B0BQCC9TVJ","Totally Vegetarian: The Essential Collection (Volume I) [DVD]","N/A","Amazon","Movies & TV",370987,655498638794,"N/A",0655498638794,"N/A",,289748,29.16,-15,147,147,114,4332.64,4332.07,"N/A","N/A","Amazon","N/A",6,972,"N/A","Small Standard-Size",0.59,5.35,7.48,0.22,"N/A","N/A","11/30/2024",32,1,0,"N/A"
"https://amazon.com/dp/B0FDJPM3BV","https://m.media-amazon.com/images/I/81GgtSeo-bL._SX450_.jpg","B0FDJPM3BV","Hevano Anime Action Figure, Removable and Replaceable Figure Toy, Upgrade Suit Game Edition Collectible Statue Action Figures for Desktop Decoration Display","Hevano","FBA","Home & Kitchen",164074,"N/A","N/A","N/A","N/A","Collectible Figurines",488,25.97,-36,133,133,,4317.05,4316.42,3,2.5,"Plush Stuffed Doll","China",1,0,"N/A","Large Standard-Size",1.81,6.22,7.4,0.42,41.98,115.81,"06/30/2025",2,3,0,44.35
"https://amazon.com/dp/B0C42D2BCF","https://m.media-amazon.com/images/I/71Tsw3j60YL._SX450_.jpg","B0C42D2BCF","Spirits of the Air, Gremlins of the Clouds","Vinegar Syndrome","FBM","Movies & TV",225511,814456027173,"N/A",0814456027173,"N/A",,58177,29.99,"N/A",144,144,,4317.12,4315.54,28,3.6,"playitgmm","USA",1,288,30,"Small Standard-Size",0.55,5.35,6.73,0.18,"N/A","N/A","06/30/2025",27,1,0,5.14
"https://amazon.com/dp/B0DFXHD3JD","https://m.media-amazon.com/images/I/71JuFjrrv4L._SX450_.jpg","B0DFXHD3JD","Howling VI - Uncut - Limited Edition [Blu-ray]","375 Media","FBM","Movies & TV",287666,"N/A","N/A",4059251662266,"N/A",,8041,29.09,-26,150,150,11,4314.68,4313.81,5,2.7,"Amazon Germany","Germany",4,0,"N/A","Small Standard-Size",0.63,5.39,6.73,0.18,"N/A","N/A","03/31/2025",10,1,0,30.02
"https://amazon.com/dp/B0CGVW41N3","https://m.media-amazon.com/images/I/61o0PMRtm+L._SX450_.jpg","B0CGVW41N3","Patrick Swayze Double Feature: 2-Movie Blu-ray Collection - Road House / Steel Dawn","Generic","FBA","Movies & TV",141918,606795837946,"N/A",0606795837946,"N/A",,40486,28.99,-12,149,149,-5,4313.43,4311.82,"N/A","N/A","TheBuyz","USA",1,1587,"N/A","Small Standard-Size",0.6,5,6,0.75,9.06,25,"11/30/2024",24,1,0,"N/A"
"https://amazon.com/dp/031657323X","https://m.media-amazon.com/images/I/81ZTURdBinL._SX450_.jpg","031657323X","Gray Dawn: An Easy Rawlins Mystery (Easy Rawlins, 17)","N/A","Amazon","Books",54047,"N/A",09780316573238,9780316573238,"031657323X","Cozy",229,29,-11,149,149,,4311.25,4311.11,"N/A","N/A","Amazon","N/A",2,0,"N/A","Large Standard-Size",6.4,1.13,9.7,1.22,"N/A","N/A","05/31/2025",7,1,0,"N/A"
"https://amazon.com/dp/B0C24Q3MPB","https://m.media-amazon.com/images/I/71W6VO3tiQL._SX450_.jpg","B0C24Q3MPB","Eyes Of Dread","Rising Sun Media","Amazon","Movies & TV",299656,760137127291,"N/A",0760137127291,"N/A",,4163,29.96,-37,144,144,22,4310.03,4308.49,"N/A","N/A","Amazon","N/A",6,1568,"N/A","Small Standard-Size",0.63,5.35,6.18,0.17,"N/A","N/A","06/30/2025",28,1,0,"N/A"
"https://amazon.com/dp/B0DRGM3CGT","https://m.media-amazon.com/images/I/61JC4CiqJbL._SX450_.jpg","B0DRGM3CGT","Rev-lon Flex Body Building Protein Shampoo & Conditioner, 20 fl.oz. Each COMBO PACK","Metrey Herbotech","FBM","Beauty & Personal Care",99798,"N/A","N/A","N/A","N/A","Shampoo & Conditioner Sets",1034,29.6,-68,147,147,61,4308.6,4308.09,11,3.7,"CHIRAG EXIM","India",13,0,"N/A","Large Standard-Size",2.91,6.14,10.94,2.95,"N/A","N/A","06/30/2025",8,1,0,13.38
"https://amazon.com/dp/B07MHQ5FDC","https://m.media-amazon.com/images/I/81oUSi9FrAL._SX450_.jpg","B07MHQ5FDC","Savage Vows","N/A","Amazon","Movies & TV",477834,674945148037,00674945148037,0674945148037,"N/A",,9981,28.49,-26,144,144,-8,4300.79,4300.65,"N/A","N/A","Amazon","N/A",1,1680,906,"Small Standard-Size",0.51,5.35,6.73,0.15,"N/A","N/A","11/30/2024",79,1,0,"N/A"
"https://amazon.com/dp/B01EME28L8","https://m.media-amazon.com/images/I/81vKruOHV+L._SX450_.jpg","B01EME28L8","Naples Naples Naples (Napoli Napoli Napoli)","KINO INTERNATIONAL","FBM","Movies & TV",263264,816018011026,00816018011026,0816018011026,"N/A",,13150,29.45,-21,146,146,34,4292.32,4292.18,14,3.7,"SpeedyHen","United Kingdom of Great Britain and Northern Ireland",5,1727,1108,"Small Standard-Size",5.3,6.8,0.6,0.25,"N/A","N/A","11/30/2024",112,3,0,10.41
"https://amazon.com/dp/B003OUV1JM","https://m.media-amazon.com/images/I/71Bf50CWoxL._SX450_.jpg","B003OUV1JM","Hole In One [DVD]","UNIVERSAL","FBA","Movies & TV",84039,"N/A",05050582786996,5050582786996,"N/A",,57660,29.99,-83,143,143,-14,4274.49,4272.94,74,3.6,"RapidPrimePros","USA",1,783,625,"Small Standard-Size",0.47,5.39,7.52,0.18,9.65,26.61,"05/31/2025",156,1,0,1.93
"https://amazon.com/dp/B0DPG2N1VH","https://m.media-amazon.com/images/I/71lDeZYJR0L._SX450_.jpg","B0DPG2N1VH","Aoriher Disco Ball Piñata Singer Party Decoration Colorful Disco Party Piñatas with Stick Blindfold for Birthday New Years Bachelor Music Lover Fans Game Supplies 12.4 x 12.4 x 2.76 Inch","Aoriher","FBA","Toys & Games",94205,"N/A","N/A","N/A","N/A","Piñatas",302,28.99,-14,147,147,180,4273.92,4272.32,7,3.5,"HuiweiSail","China",1,0,"N/A","Large Standard-Size",3.11,13.39,16.61,0.75,348.25,960.68,"06/30/2025",8,6,0,21.06
"https://amazon.com/dp/B0F9WS8FRM","https://m.media-amazon.com/images/I/61hREyRMgCL._SX450_.jpg","B0F9WS8FRM","Portable Air Conditioners, Air Conditioner,Ac Unit with 500ML Water Tank,2 Spray Ports,3 Wind Speeds,3 Timers, Portable Ac Units for Room Camping Car Office","Generic","FBA","Home & Kitchen",645368,"N/A","N/A","N/A","N/A","Portable",748,29.99,-70,127,127,,4269.25,4268.21,11,1.9,"sleepingping","China",1,0,"N/A","Large Standard-Size",4.88,6.77,10.04,2.07,167,460.69,"06/30/2025",5,6,0,11.55
"https://amazon.com/dp/B00005QCVO","https://m.media-amazon.com/images/I/61znADraSXL._SX450_.jpg","B00005QCVO","Picking Up the Pieces","Live / Artisan","FBA","Movies & TV",215886,012236114987,00012236114987,0012236114987,"N/A",,161075,29.89,-24,142,142,61,4266.12,4264.58,60,3.7,"RapidPrimePros","USA",5,1236,2647,"Small Standard-Size",7.1,5.42,0.58,0.18,11.28,31.12,"11/30/2024",227,1,0,2.36
"https://amazon.com/dp/B0CJYJJZC1","https://m.media-amazon.com/images/I/71W+kqFhB1L._SX450_.jpg","B0CJYJJZC1","6W Solar Panel for Ring Doorbell,Solar Charger for Ring Video Doorbell (2nd Gen-2020 Release),Video Doorbell 3,Video Doorbell 3 Plus,Video Doorbell 4,Battery Video Doorbell Plus,Waterproof,Mount","Rhorawill","FBA","Patio, Lawn & Garden",57255,724164943477,"N/A",0724164943477,"N/A","Solar Panels",292,29.99,-9,142,142,-19,4260.86,4259.31,392,3.7,"kindbrave","China",1,3330,"N/A","Large Standard-Size",1.81,7.24,8.54,0.93,56.34,155.43,"06/30/2024",22,7,0,0.36
"https://amazon.com/dp/B00S2PN0KC","https://m.media-amazon.com/images/I/51d7IfyBujL._SX450_.jpg","B00S2PN0KC","4 Favorite Films The Cruise Collection, The Firm, Collateral, Days of Thunder, Vanilla Sky","N/A","FBA","Movies & TV",257756,"N/A","N/A","N/A","N/A",,195287,29.99,-1,142,142,-10,4250.85,4249.32,5,3.2,"muboutletstore","USA",3,812,"N/A","Small Standard-Size",7.3,5.3,0.6,0.4,11.69,32.24,"11/30/2024",127,3,0,28.35
"https://amazon.com/dp/B096VZZ5LY","https://m.media-amazon.com/images/I/714U2s0XaBL._SX450_.jpg","B096VZZ5LY","KALAWW Adjustable String Trimmer Support Wheel Attachment 26mm(1 inch) and 28mm(1.1 inch) for Weed Trimmer Gas String Trimmer Petrol/Electric Brushcutter Strimmer","KALAWW","FBA","Patio, Lawn & Garden",83278,600310700203,"N/A",0600310700203,"N/A","Replacement Parts",1535,28.99,323,147,147,206,4249.48,4247.86,319,3.3,"KALAWW-USA","China",1,839,-2,"Large Standard-Size",2.8,10.83,11.14,2.78,170.08,469.18,"06/30/2025",49,7,0,0.46
"https://amazon.com/dp/B001P5ZVYE","https://m.media-amazon.com/images/I/41xChZ6A6eL._SX450_.jpg","B001P5ZVYE","Padi Under Water Navigation - DVD, #70885","N/A","FBM","Movies & TV",388045,"N/A","N/A","N/A","N/A",,304012,20,7,122,122,53,4244.64,4243.58,0,"N/A","chanlee3002","USA",2,1105,1088,"Small Standard-Size",7.1,5.42,0.58,0.18,"N/A","N/A","11/30/2024",198,1,0,"N/A"
"https://amazon.com/dp/1068756330","https://m.media-amazon.com/images/I/41tV08L298L._SX450_.jpg",1068756330,"Reckoning : Songs of Chaos Book #4","Portal Books","Amazon","Books",33993,"N/A","N/A",9781068756337,1068756330,"N/A","N/A",29.99,-11,142,142,,4242.9,4241.55,"N/A","N/A","Amazon","N/A",3,0,"N/A","Large Standard-Size",7.99,5,3.15,1.11,"N/A","N/A","06/30/2025",3,1,0,"N/A"
"https://amazon.com/dp/B0C2YQ5B6F","https://m.media-amazon.com/images/I/718obbVnF+L._SX450_.jpg","B0C2YQ5B6F","Free Boy Electric Cones Rolling Machine Automatic Cone Loader Minin Portable Pre Rolled Cones Filling Maker,1 Stirring Rod, 1 Brush(King Size, Black-Lines)","Free Boy","FBA","Health & Household",102619,"N/A","N/A","N/A","N/A","Machines",48,25.95,-15,146,146,-36,4233.74,4233.61,437,3.7,"alec-home","China",1,5798,22,"Large Standard-Size",3.62,4.37,9.61,1.32,76.56,211.19,"11/30/2024",28,6,0,0.34
"https://amazon.com/dp/B0BN25NR35","https://m.media-amazon.com/images/I/81Ez9QvD9nL._SX450_.jpg","B0BN25NR35","Amityville Karen","N/A","Amazon","Movies & TV",239098,674945370032,"N/A",0674945370032,"N/A",,7250,28.49,-13,141,141,56,4230.91,4230.8,25,3.7,"Amazon","N/A",2,1439,485,"Small Standard-Size",0.55,5.31,6.77,0.13,"N/A","N/A","11/30/2024",33,1,0,5.65
"https://amazon.com/dp/B0D5WJNZG9","https://m.media-amazon.com/images/I/61MtmLs6sNL._SX450_.jpg","B0D5WJNZG9","Bottom Feeders [Blu-ray]","Vinegar Syndrome","Amazon","Movies & TV",224122,814456029788,"N/A",0814456029788,"N/A",,7599,22.41,-51,145,145,39,4225.96,4224.8,"N/A","N/A","Amazon","N/A",2,1656,"N/A","Small Standard-Size",0.55,5.35,6.77,0.13,"N/A","N/A","06/30/2025",14,6,0,"N/A"
"https://amazon.com/dp/B000CIWXL4","https://m.media-amazon.com/images/I/81lsiXDyU0L._SX450_.jpg","B000CIWXL4","Jane Eyre (1983) [Import anglais]","N/A","FBA","Movies & TV",214011,"N/A","N/A",5014503157821,"N/A",,159605,29.99,-16,142,142,18,4217.33,4215.8,244,3.7,"RapidPrimePros","USA",3,1622,719,"Small Standard-Size",0.63,5.35,7.56,0.23,12.84,35.41,"11/30/2024",156,2,0,0.58
"https://amazon.com/dp/B0F4XFFGD7","https://m.media-amazon.com/images/I/51ndcSscSfL._SX450_.jpg","B0F4XFFGD7","WPW10491331 Dishwasher Lower Spray Arm For Whirlpool Amana Admiral Maytag Dishwasher Spray Arm,Replaces W10491331, 2312843,PS11755592 Dishwasher Parts","IURILA","FBA","Tools & Home Improvement",94461,"N/A","N/A","N/A","N/A","Replacement Parts",1493,29.99,12,141,141,,4216.72,4215.19,14,3.1,"appc","China",1,0,"N/A","Large bulky",0.8,1.8,19.6,0.35,14.21,39.2,"05/31/2025",4,8,0,10.04
"https://amazon.com/dp/B000XOM7XG","https://m.media-amazon.com/images/I/61TJHbN1EAL._SX450_.jpg","B000XOM7XG","Ringling Bros. Barnum & Bailey Circus 133rd Edition Souvenir DVD","N/A","FBA","Movies & TV",88286,070349100037,"N/A",0070349100037,"N/A",,60645,27.89,-58,135,135,23,4212.36,4211.49,16,3,"MONROJ","USA",5,1571,1940,"Small Standard-Size",7.1,5.42,0.58,0.18,11.28,31.12,"11/30/2024",214,1,0,8.43
"https://amazon.com/dp/B0BNJHP5YM","https://m.media-amazon.com/images/I/714LOfYkTUL._SX450_.jpg","B0BNJHP5YM","Treasury Collection | Andy Williams Greatest Love Songs/Love Andy/Christmas Show (3-DVD Set)","TJL Productions","FBA","Movies & TV",169158,703856950900,"N/A",0703856950900,"N/A",,123674,29.98,-13,140,140,44,4212.31,4210.78,4,2.9,"Collectors Treasury LLC","USA",2,1354,"N/A","Large Standard-Size",1.61,5.55,7.72,0.58,34.81,96.03,"11/30/2024",28,4,0,35.12
"https://amazon.com/dp/B0FBPM2P2R","https://m.media-amazon.com/images/I/71SH9epHTjL._SX450_.jpg","B0FBPM2P2R","Cal Raleigh - Big Dumper 90s Style - Seattle Baseball T-Shirt","BreakingT","Amazon","Clothing, Shoes & Jewelry",247349,"N/A","N/A","N/A","N/A","T-Shirts",3927,25.49,-22,140,140,,4211.7,4210.17,"N/A","N/A","Amazon","N/A",1,0,"N/A","Large Standard-Size",10,8,1,0.3,"N/A","N/A","06/30/2025",2,2,0,"N/A"
"https://amazon.com/dp/B00TGF9EI4","https://m.media-amazon.com/images/I/71NOE62mHAL._SX450_.jpg","B00TGF9EI4","Disciples (3D & 2D) [ Blu-Ray, Reg.A/B/C Import - Germany ]","N/A","FBA","Movies & TV",443368,"N/A","N/A",4009750300749,"N/A",,9740,29.98,-42,144,144,12,4208.24,4206.72,36,3.1,"DaaVeeDee","USA",5,0,"N/A","Small Standard-Size",7.1,5.42,0.58,0.18,11.28,31.12,"11/30/2024",126,7,0,4
"https://amazon.com/dp/B0FDGZKGDN","https://m.media-amazon.com/images/I/61OpzVikWuL._SX450_.jpg","B0FDGZKGDN","Pattern Wellness Sleep Complex Supplement - Deep, Slow-Wave Sleep - Mood & Stress Support - Natural Sleep Aid - 30 Vegetarian Capsules","Pattern Wellness","FBA","Health & Household",105691,850042291474,"N/A",0850042291474,"N/A","Sleep Supplements",986,28.95,-10,145,145,,4205.12,4204.99,1,2,"Pattern Wellness","USA",2,0,"N/A","Large Standard-Size",3.75,2,3.75,0.11,14.16,39.06,"07/31/2025",2,9,0,145.28
"https://amazon.com/dp/B0FCSQN3GB","https://m.media-amazon.com/images/I/71B0fM1rrtL._SX450_.jpg","B0FCSQN3GB","R134A Manifold Gauge Set with R134a Can Tap R134a Quick Coupler,3 Way AC Diagnostic Manifold Gauge Set for R134a R12 R22 R404a Refrigerant,Automotive AC Gauge Set with 3Ft Charging Hoses","Oralys","FBA","Automotive",164148,192293001977,"N/A",0192293001977,"N/A","Air Conditioning Line Repair Tools",672,29.99,-22,140,140,,4203.38,4201.87,4,3,"YeahMall US","China",1,0,"N/A","Large Standard-Size",3.27,7.13,9.33,2.58,109.52,302.12,"07/31/2025",5,7,0,35.04
"https://amazon.com/dp/B00A1C18LW","https://m.media-amazon.com/images/I/51t1HTb0q6L._SX450_.jpg","B00A1C18LW","Prometheus Trap [ NON-USA FORMAT, PAL, Reg.2 Import - United Kingdom ]","N/A","FBM","Movies & TV",481819,"N/A","N/A","N/A","N/A",,383127,28.98,-16,145,145,95,4200.36,4198.79,130,2.7,"DaaVeeDee","USA",1,1353,"N/A","Small Standard-Size",7.48,5.31,0.55,0.17,"N/A","N/A","11/30/2024",153,1,0,1.12
"https://amazon.com/dp/B0DG5MJDDB","https://m.media-amazon.com/images/I/71Qik0y05OL._SX450_.jpg","B0DG5MJDDB","Language Translator Device, Real Time Two Way Language Translator with 138 Languages, Accurate Word/Online/Offline/AI/Voice Translation, Instant Translator for Business, Learning, Travel","luluckck","FBA","Office Products",124492,"N/A","N/A","N/A","N/A","Foreign Language Translators",345,29.99,-54,0,105,,"-",4198.34,61,3.4,"Luluckck Store","China",0,0,"N/A","Large Standard-Size",1.65,3.31,6.5,0.42,17.87,49.31,"10/31/2024",11,8,0,0
"https://amazon.com/dp/B0D5QMTSG4","https://m.media-amazon.com/images/I/41cqFkNf8GL._SX450_.jpg","B0D5QMTSG4","Professional Hair Dryer 6 in 1, Blow Dryer + Automatic Curling Iron + Hair Straightener + Thermal Brush, Birthday Gifts for Women Teen Girls with Short Long Hair, Low Noise, Air Wrap Hair Styler","Wofdovolve","FBA","Beauty & Personal Care",111690,"N/A","N/A","N/A","N/A","Hot-Air Brushes",259,29.99,-78,140,140,,4196.18,4194.64,75,3.7,"Wofdovolve Store","China",1,0,"N/A","Large Standard-Size",3.11,8.98,12.68,2.47,178.29,491.84,"06/30/2025",15,8,0,1.87
"https://amazon.com/dp/B086PMNFB5","https://m.media-amazon.com/images/I/51AK0buE4ML._SX450_.jpg","B086PMNFB5","Barry J. Gillis Triple Threat Collection [Blu-ray]","N/A","FBM","Movies & TV",143587,680585396318,00680585396318,0680585396318,"N/A",,5211,28.99,-36,145,145,30,4192.82,4191.27,7,2.7,"New Blood Entertainment Releasing","Canada",1,1419,914,"Small Standard-Size",6.75,5.5,0.5,0.22,"N/A","N/A","11/30/2024",62,1,0,20.66
"https://amazon.com/dp/B004TP55JI","https://m.media-amazon.com/images/I/61IfCLy+OnL._SX450_.jpg","B004TP55JI","Miramax Romantic Comedy Series V.2: Duplex / Jersey Girl / Sirens / Carolina","Echo Bridge Home Entertainment","FBM","Movies & TV",248777,096009788599,00096009788599,0096009788599,"N/A",,22812,28.99,238,144,144,284,4189.36,4187.77,5,3.7,"Bella Sierra Books","USA",2,890,3460,"Small Standard-Size",7.5,5.3,0.6,0.1,"N/A","N/A","11/30/2024",173,1,0,28.9
"https://amazon.com/dp/B07D2NGJHX","https://m.media-amazon.com/images/I/71Hnpvi5HIL._SX450_.jpg","B07D2NGJHX","The Gore Gore Girls [Blu-ray]","N/A","FBA","Movies & TV",482454,"N/A",05027035019710,5027035019710,"N/A",,102464,27.98,-50,149,149,34,4180.08,4178.49,83,3.6,"DaaVeeDee","USA",4,1879,864,"Small Standard-Size",0.67,5.31,6.57,0.18,11.78,32.48,"11/30/2024",85,1,0,1.8
"https://amazon.com/dp/B0F577MQC3","https://m.media-amazon.com/images/I/81iofQq+2oL._SX450_.jpg","B0F577MQC3","Emilia Pérez","N/A","FBA","Movies & TV",24597,048984293094,"N/A",0048984293094,"N/A",,2672,29.99,-14,139,139,,4178.54,4177.02,"N/A","N/A","megahitrecords","USA",1,0,"N/A","Small Standard-Size",6.75,5.31,0.56,0.1,10.11,27.88,"06/30/2025",4,1,0,"N/A"
"https://amazon.com/dp/B0C8VCV52S","https://m.media-amazon.com/images/I/71cxARbId8L._SX450_.jpg","B0C8VCV52S","Dwayne ""The Rock"" Johnson 3-Movie 3D Collection: Hercules / San Andreas & Journey 2 The Mysterious Island [3D Blu-ray, 3-Pack] Region 1/A","Generic","FBA","Movies & TV",55175,606795836888,"N/A",0606795836888,"N/A",,19213,28.99,6,144,144,23,4176.98,4175.4,2,2.1,"TheBuyz","USA",1,1745,1699,"Large Standard-Size",1.81,5.67,9.17,0.93,47.38,130.71,"11/30/2024",26,1,0,72.04
"https://amazon.com/dp/B0875H3RP3","https://m.media-amazon.com/images/I/91gJ3K-hqGL._SX450_.jpg","B0875H3RP3","Sex School: Dorms of Desire","N/A","FBA","Movies & TV",73491,783741455437,"N/A",0783741455437,"N/A",,889,29.48,-8,142,142,17,4174.66,4173.51,30,3.2,"timgonmad's Treasure Trove","USA",2,1362,284,"Small Standard-Size",5,7,0.5,0.2,8.81,24.31,"02/28/2025",64,2,0,4.73
"https://amazon.com/dp/B097GK6P4X","https://m.media-amazon.com/images/I/812WD+uBagS._SX450_.jpg","B097GK6P4X","Gospel Light's VBS Rocks! Son Rock Kid's Camp VBS Overview DVD","N/A","FBM","Movies & TV",446053,607135015437,"N/A",0607135015437,"N/A",,353111,29,-17,144,144,104,4167.92,4167.76,"N/A","N/A","cjc collectibles","USA",2,1081,"N/A","Small Standard-Size",7.5,5.5,0.5,0.4,"N/A","N/A","11/30/2024",50,2,0,"N/A"
"https://amazon.com/dp/B0000C8Y0F","https://m.media-amazon.com/images/I/51tfn-e6QcL._SX450_.jpg","B0000C8Y0F","The Haunted Pumpkin Of Sleepy Hollow","N/A","FBM","Movies & TV",244049,"N/A","N/A",5012106930513,"N/A",,184045,27.71,-47,150,150,68,4165.81,4164.87,58,3.7,"tx3-media","United Kingdom of Great Britain and Northern Ireland",4,1009,899,"Small Standard-Size",7.1,5.42,0.58,0.18,"N/A","N/A","11/30/2024",156,1,0,2.59
"https://amazon.com/dp/B0DJ1MS919","https://m.media-amazon.com/images/I/416OvFXUh7L._SX450_.jpg","B0DJ1MS919","The United States vs. Billie Holiday [ Blu-Ray, Reg.A/B/C Import - Denmark ]","N/A","FBM","Movies & TV",189846,"N/A","N/A",5709165576621,"N/A",,10782,27.37,-26,146,146,-30,4165.88,4164.72,296,3.4,"M + L","Germany",2,0,"N/A","Small Standard-Size",7.48,5.31,0.39,0.17,"N/A","N/A","11/30/2024",11,1,0,0.49
"https://amazon.com/dp/B0F6MF8R2Q","https://m.media-amazon.com/images/I/71PZINYPAFL._SX450_.jpg","B0F6MF8R2Q","Razor Blade Refills for Men - 24PCS Compatible with Mach3 Razors, Dual Lubrication Blades for Extra Close & Comfortable Shave","Amerzam","FBA","Beauty & Personal Care",31460,"N/A","N/A","N/A","N/A","Cartridges",94,29.96,-150,139,139,,4164.44,4163.04,3,3.3,"JZZX01","China",1,0,"N/A","Large Standard-Size",0.83,8.46,10.04,0.24,35.49,97.92,"07/31/2025",4,7,0,46.33
"https://amazon.com/dp/B019EC9QRM","https://m.media-amazon.com/images/I/91IO7jXUsmL._SX450_.jpg","B019EC9QRM","Transformations","KL Studio Classics","FBA","Movies & TV",237560,738329202187,00738329202187,0738329202187,"N/A",,7218,28.28,-3,147,147,6,4158.18,4158.07,18,3.6,"Blue Line Buys","USA",3,1293,851,"Small Standard-Size",0.58,5.42,7.1,0.18,11.28,31.12,"12/31/2024",116,2,0,8.17
"https://amazon.com/dp/B0DHWZCKKK","https://m.media-amazon.com/images/I/71vn366c5RL._SX450_.jpg","B0DHWZCKKK","Retro Game Stick, Retro Gaming Console with Built-in 20000+ Classic Games, Wireless Game Stick, Retro Game Console 64GB, 4K, HDMI Output, 23 Emulators, Game Console with Dual 2.4G Wireless Controllers","HigoYXP","FBA","Toys & Games",84554,"N/A","N/A","N/A","N/A","Plug & Play Video Games",126,29.99,-36,120,120,,4156.17,4156.07,86,3.7,"HigoYXP US","China",1,0,"N/A","Large Standard-Size",4.41,4.84,6.5,0.84,69.85,192.69,"12/31/2024",11,5,0,1.45
"https://amazon.com/dp/B0FJLVNGGN","https://m.media-amazon.com/images/I/61tdpM3WzqL._SX450_.jpg","B0FJLVNGGN","Gluco Peace Pills – Original GlucoPeace Balance & Circulatory Support Formula with Potent Blend to Help Maintain Stable Levels, Natural Energy & Flow | Easy-to-Take Capsules (60 Capsules)","NutraVibe","FBA","Health & Household",159549,"N/A","N/A","N/A","N/A","Detox & Cleanse",1169,29.95,-10,131,131,,4150.61,4150.49,"N/A","N/A","Rize Labs","USA",2,0,"N/A","Large Standard-Size",1.89,1.93,4.13,0.11,7.58,20.92,"07/31/2025",1,7,0,"N/A"
"https://amazon.com/dp/B0074JOD2G","https://m.media-amazon.com/images/I/41u7GnSf-KL._SX450_.jpg","B0074JOD2G","Conversation Piece (Gruppo Di Famiglia In Un Interno) [Blu-ray]","Kino Lorber films","Amazon","Movies & TV",99893,816018010005,00816018010005,0816018010005,"N/A",,7117,29.84,53,139,139,,4151.27,4150.01,20,3.7,"Amazon","N/A",8,1930,819,"Small Standard-Size",6.7,5.4,0.5,0.05,"N/A","N/A","11/30/2024",162,8,0,6.93
"https://amazon.com/dp/B0000CBXZR","https://m.media-amazon.com/images/I/518DHWFY4WL._SX450_.jpg","B0000CBXZR","Cruise: Western Caribbean","Questar","FBA","Movies & TV",189994,033937034428,00033937034428,9781594640049,1594640041,,140239,29.99,-22,140,140,53,4149.73,4148.34,4,3.7,"RapidPrimePros","USA",3,1187,14738,"Small Standard-Size",7.1,5.42,0.58,0.18,11.28,31.12,"11/30/2024",227,1,0,34.9
"https://amazon.com/dp/B09JJ9BK2K","https://m.media-amazon.com/images/I/71bmHe1mp+L._SX450_.jpg","B09JJ9BK2K","Shatter Dead [Blu-ray]","N/A","Amazon","Movies & TV",194605,814456023960,"N/A",0814456023960,"N/A",,6368,29.98,-6,138,138,-1,4146.97,4145.47,40,3.4,"Amazon","N/A",1,0,"N/A","Large Standard-Size",0.94,3.03,6.06,0.13,"N/A","N/A","12/31/2024",46,4,0,3.46
"https://amazon.com/dp/B01M7X07WM","https://m.media-amazon.com/images/I/51ttFAQ7LFL._SX450_.jpg","B01M7X07WM","Robert Mitchum - The Signature Collection (Angel Face / Macao / The Sundowners / Home from the Hill / The Good Guys and the Bad Guys / The Yakuza)","N/A","FBA","Movies & TV",91711,"N/A","N/A","N/A","N/A",,63255,27.37,-20,116,116,28,4144.99,4144.69,4,2.2,"Pantingfish08","USA",7,1159,"N/A","Large Standard-Size",1.73,6.5,7.91,1.17,44.83,123.68,"11/30/2024",78,1,0,28.99
"https://amazon.com/dp/B0DGWGDPZD","https://m.media-amazon.com/images/I/81qiu13856L._SX450_.jpg","B0DGWGDPZD","Adults Only 18+ [BLACKED] 2020 Interracial Angels Volume 4 DVD","Strike 3 Holdings","FBM","Movies & TV",73960,724087392550,"N/A",0724087392550,"N/A",,49913,29.99,-21,138,138,-29,4141.5,4139.99,1,1,"Cinema Cornucopia","USA",1,0,"N/A","Large Standard-Size",9,7,1,0.44,"N/A","N/A","11/30/2024",11,1,0,138.1
"https://amazon.com/dp/B07JWPFT9X","https://m.media-amazon.com/images/I/51rszveUD5L._SX450_.jpg","B07JWPFT9X","Nurse Sherri (1978) [ Blu-Ray, Reg.A/B/C Import - Spain ]","N/A","FBA","Movies & TV",356466,"N/A","N/A",8435479602646,"N/A",,8910,29.98,-26,138,138,8,4140.34,4138.82,17,3.6,"DaaVeeDee","USA",5,1766,"N/A","Small Standard-Size",0.47,5.35,6.77,0.18,8.62,23.79,"10/31/2024",38,2,0,8.12
"https://amazon.com/dp/B0FCW68T72","https://m.media-amazon.com/images/I/617hg++zIhL._SX450_.jpg","B0FCW68T72","Epic Collectibles Pop Basketball: OKC Thunder - Shai Gilgeous Alexander (SGA) Vinyl Figure Included with Box Protector Compatible for Funko","Epic Collectibles","FBA","Sports & Outdoors",65034,810167514582,"N/A",0810167514582,"N/A","Action Figures & Toy Figurines",94,29.99,-17,138,138,,4139.62,4138.11,3,3.5,"Epic-Collectibles","USA",3,0,"N/A","Large Standard-Size",3.7,4.76,6.5,0.33,57.64,159,"06/30/2025",2,4,0,46.01
"https://amazon.com/dp/B0057PM8XK","https://m.media-amazon.com/images/I/81a4kww+94L._SX450_.jpg","B0057PM8XK","Lone Wolf & Cub 4: Baby Cart In Peril (Uncut) 16:9 Japanese Import Full Color Anamorphic Widescreen Collectors Edition Region 0 Japanese W/English Subs.","N/A","FBA","Movies & TV",475350,876543224292,"N/A",0876543224292,"N/A",,377674,29.99,-9,138,138,108,4136.04,4134.53,0,"N/A","Toy Barrel","USA",2,904,"N/A","Large Standard-Size",4,4,1,0.4,8.06,22.22,"01/31/2025",170,2,0,"N/A"
"https://amazon.com/dp/1014693071","https://m.media-amazon.com/images/I/61u+QR3gGjL._SX450_.jpg",1014693071,"Neurosyphilis: Modern Systematic Diagnosis and Treatment Presented in One Hundred and Thirty-seven Case Histories","N/A","Amazon","Books",2359844,"N/A",09781014693075,9781014693075,"978-1014693075","Viral",833,29.95,-18,138,138,,4132.69,4132.59,"N/A","N/A","Amazon","N/A",9,0,"N/A","Large Standard-Size",1.22,6.06,9.21,1.85,"N/A","N/A","06/30/2025",46,2,0,"N/A"
"https://amazon.com/dp/B09KY9NWBS","https://m.media-amazon.com/images/I/91K1oL1Ko9L._SX450_.jpg","B09KY9NWBS","Chupa [Blu-ray]","N/A","Amazon","Movies & TV",227540,822928122691,"N/A",0822928122691,"N/A",,7024,27.99,-21,148,148,-21,4133.16,4131.55,14,2.8,"Amazon","N/A",3,1428,998,"Small Standard-Size",0.51,5.35,6.69,0.11,"N/A","N/A","12/31/2024",45,2,0,10.55
"https://amazon.com/dp/B000W4N2AE","https://m.media-amazon.com/images/I/71Sbxy62eqL._SX450_.jpg","B000W4N2AE","Pope Joan ( The Devil's Imposter ) [ NON-USA FORMAT, PAL, Reg.0 Import - Germany ]","N/A","FBM","Movies & TV",25727,"N/A","N/A",4042564023077,"N/A",,4058,29.57,141,119,119,95,4128.69,4128.31,35,3.5,"Prestivo","France",1,871,3126,"Small Standard-Size",0.59,5.35,7.52,0.22,"N/A","N/A","06/30/2025",182,10,0,3.41
"https://amazon.com/dp/B08972CGVQ","https://m.media-amazon.com/images/I/61ITWfqc2HL._SX450_.jpg","B08972CGVQ","Loon Lake [Blu-ray]","N/A","Amazon","Movies & TV",192995,810044714494,00810044714494,0810044714494,"N/A",,6326,27.61,-1,150,150,18,4128.09,4127.95,161,3.7,"Amazon","N/A",4,1359,586,"Small Standard-Size",0.39,5.35,6.69,0.14,"N/A","N/A","11/30/2024",63,1,0,0.93
"https://amazon.com/dp/B07D512B99","https://m.media-amazon.com/images/I/51yw5ARRMeL._SX450_.jpg","B07D512B99","The Midnighters [Blu-ray]","GRAVITAS VENTURES LLC","FBM","Movies & TV",351689,812034030393,00812034030393,0812034030393,"N/A",,2360,30,"N/A",138,138,,4126.73,4126.66,50,3.6,"VidHouseDirect","USA",1,31,"N/A","Small Standard-Size",0.58,5.42,7.1,0.18,"N/A","N/A","06/30/2025",87,1,0,2.75
"https://amazon.com/dp/B0D9XW4GNX","https://m.media-amazon.com/images/I/71iMk2gzz5L._SX450_.jpg","B0D9XW4GNX","Founissa Trail Camera, 48MP 4K Game Camera with 0.1s Trigger Time, 130°Wide-Angle, Trail Cameras with Night Vision Motion Activated Waterproof IP66, 2.0”Screen Trail Cam for Wildlife Monitoring","Founissa","FBA","Sports & Outdoors",97784,716695474179,"N/A",0716695474179,"N/A","Hunting",10859,29.99,-14,142,142,-15,4126.3,4124.77,131,3.5,"FounissaStore","China",3,0,"N/A","Large Standard-Size",3.82,4.72,7.4,1.46,67.23,185.47,"09/30/2024",13,7,0,1.08
"https://amazon.com/dp/B00007JGEK","https://m.media-amazon.com/images/I/41crJpQlSQL._SX450_.jpg","B00007JGEK","The Lost World: Underground [DVD]","N/A","FBA","Movies & TV",181063,"N/A",05031932106794,5031932106794,"N/A",,133209,29.99,-17,138,138,53,4124.76,4123.26,17,3,"RapidPrimePros","USA",2,1656,1826,"Small Standard-Size",7.1,5.42,0.58,0.18,11.28,31.12,"11/30/2024",156,1,0,8.09
"https://amazon.com/dp/B0F3WSKMTJ","https://m.media-amazon.com/images/I/714Uj34DceL._SX450_.jpg","B0F3WSKMTJ","Hanari Large Cooling Vest for Men&Women with 24pcs Ice Packs, Adjustable Cooling Vests with Air Cushion for Hot Weather Work, Reflective Cooling Vest for Workout, Running, Fishing and Outdoor","Hanari","FBA","Clothing, Shoes & Jewelry",341361,"N/A","N/A","N/A","N/A",,51,26.99,-25,143,143,121,4122.62,4121.06,27,3.7,"Hanari-US","China",1,0,"N/A","Large Standard-Size",3.74,11.38,12.05,2.01,258.21,712.31,"06/30/2025",4,8,0,5.31
"https://amazon.com/dp/B0DK9DJ74G","https://m.media-amazon.com/images/I/8122TKuqjsL._SX450_.jpg","B0DK9DJ74G","Qualirey 1 Pack Humane Rat Trap with Double Opening One-Way Door 12 x 9 x 6 Inch Automatic Chipmunk Rodent Small Mouse Trap Cage No Kill Animal Live Squirrel Rat for Indoor Outdoor Use","Qualirey","FBA","Patio, Lawn & Garden",47410,"N/A","N/A","N/A","N/A","Traps",1236,29.99,-14,137,137,106,4119.89,4118.42,27,2.7,"Monamii","China",1,0,"N/A","Large Standard-Size",6.34,9.21,11.85,1.61,348.37,961.03,"07/31/2025",9,7,0,5.08
"https://amazon.com/dp/B0F1YMDZVM","https://m.media-amazon.com/images/I/71kTphPdlBL._SX450_.jpg","B0F1YMDZVM","SUP Retro Handheld Game Console, 500 Classic Games, 3.5'' LCD Screen Handheld Video Game Console, Support 2 Players and TV Connection, Classic Fun for All Age (Black)","Sibotion","FBA","Toys & Games",46736,761729076874,"N/A",0761729076874,"N/A","Kids' Electronics",739,29.99,12,135,135,,4118.6,4117.3,8,3.7,"Promote excellence","China",1,0,"N/A","Large Standard-Size",2.72,4.06,7.48,0.66,41.59,114.73,"06/30/2025",5,7,0,16.88
"https://amazon.com/dp/B073LWM6BC","https://m.media-amazon.com/images/I/71FyQaelsuL._SX450_.jpg","B073LWM6BC","The Game Changer [Blu-ray]","Well Go USA","FBM","Movies & TV",72619,812491018811,00812491018811,0812491018811,"N/A",,5639,25.49,-19,149,149,68,4118.43,4116.82,29,3.7,"ShopQSI","USA",2,1892,814,"Small Standard-Size",0.47,5.35,6.69,0.16,"N/A","N/A","11/30/2024",97,4,0,5.14
"https://amazon.com/dp/B08FVC28DB","https://m.media-amazon.com/images/I/61d+1ZfrAQL._SX450_.jpg","B08FVC28DB","Actors: Songs Connection - The Complete Series","Funimation","FBA","Movies & TV",219689,704400102684,"N/A",0704400102684,"N/A",,3038,29.9,-30,138,138,47,4118.01,4116.51,5,3.4,"Smokecds","New Zealand",7,1677,337,"Small Standard-Size",0.47,5.47,6.73,0.22,8.76,24.17,"01/31/2025",60,1,0,27.54
"https://amazon.com/dp/B0CTRTX151","https://m.media-amazon.com/images/I/81xiB1eLB3L._SX450_.jpg","B0CTRTX151","Everything to Entertain You: The Story of Video Headquarters [Blu-ray]","ETR Media","Amazon","Movies & TV",163720,814456028705,"N/A",0814456028705,"N/A",,1099,29.49,-7,130,130,32,4115.82,4114.53,"N/A","N/A","Amazon","N/A",1,1287,"N/A","Small Standard-Size",0.5,6.79,5.26,0.14,"N/A","N/A","11/30/2024",18,6,0,"N/A"
"https://amazon.com/dp/B001PPLKQ2","https://m.media-amazon.com/images/I/91ttqF4WxmL._SX450_.jpg","B001PPLKQ2","Torchlight","Music Video Dist","Amazon","Movies & TV",232017,018619188811,00018619188811,0018619188811,"N/A",,32621,24.95,97,101,101,,4107.65,4107.5,23,3,"Amazon","N/A",2,741,312,"Small Standard-Size",0.59,5.43,7.6,0.14,"N/A","N/A","11/30/2024",199,1,0,4.38
"https://amazon.com/dp/B00I1B9MKO","https://m.media-amazon.com/images/I/71-jRtRuhWL._SX450_.jpg","B00I1B9MKO","Masters of Horror: We All Scream for Ice Cream [ Blu-Ray, Reg.A/B/C Import - Spain ]","N/A","FBA","Movies & TV",434596,"N/A","N/A",8420172061579,"N/A",,9685,27.98,16,147,147,48,4108.65,4107.04,1,2,"DaaVeeDee","USA",3,1187,"N/A","Small Standard-Size",6.69,5.35,0.55,0.04,9.94,27.43,"06/30/2025",139,3,0,146.83
"https://amazon.com/dp/B0CFB6CLJ9","https://m.media-amazon.com/images/I/61LblXCpJaL._SX450_.jpg","B0CFB6CLJ9","Girls' Night Collection: Funny, Fierce & Fabolous - Bridesmaids / Girls Trip / Pitch Perfect / Sisters / Trainwreck / Bad Moms / Identity Thief / The Heat & Spy [Blu-ray, 9-Film Set]","Generic","FBA","Movies & TV",125008,606795837724,"N/A",0606795837724,"N/A",,36603,30,-11,137,137,-24,4106.82,4106.66,"N/A","N/A","TheBuyz","USA",1,1598,"N/A","Large Standard-Size",2,5,6,1,30.21,83.33,"11/30/2024",24,2,0,"N/A"
"https://amazon.com/dp/B09MDP5LCS","https://m.media-amazon.com/images/I/91DBiQcy65L._SX450_.jpg","B09MDP5LCS","Tales On The Rails / Thomas and the Toy Workshop / Engines to the Rescue / The Thomas Way / Go Go Thomas / Calling All Engines (6-Pack)","na","FBA","Movies & TV",87529,624262315452,"N/A",0624262315452,"N/A",,60097,27.98,-16,141,141,45,4105.91,4104.39,4,3.7,"Outlet Promotions","Canada",2,1777,"N/A","Large Standard-Size",3.4,5.4,7.7,0.95,71.18,196.35,"11/30/2024",44,2,0,35.32
"https://amazon.com/dp/B0DF654LW8","https://m.media-amazon.com/images/I/61BzUSekPFL._SX450_.jpg","B0DF654LW8","Kaufman - 100% Cotton Multicolored Striped Beach Towels | Absorbent, Quick Drying, Oversized (34 x 64) Lightweight, Durable - Pool, Camping & Picnics (Red, Green, Orange, Blue)","BEN KAUFMAN SALES CO","FBA","Home & Kitchen",201605,009304477150,"N/A",0009304477150,"N/A","Beach Towels",274,29.99,-14,117,117,-1,4100.54,4099.99,51,3.6,"Ben Kaufman Sales","USA",1,0,"N/A","Large Standard-Size",5.5,11,16.75,5.2,510.21,1407.47,"05/31/2025",12,6,0,2.39
"https://amazon.com/dp/B0DQ8Q416S","https://m.media-amazon.com/images/I/81R-WHCzobL._SX450_.jpg","B0DQ8Q416S","Aleemin Tool Backpack Heavy Duty, Tool Storage Organizer Bag for Men with Large Compartment and Muti-pocket, Water-resistant Tool Storage Work Bag for Electrician, Repairman, HVAC Techs","Aleemin","FBA","Tools & Home Improvement",98296,"N/A","N/A","N/A","N/A","Tool Bags",367,29.99,-29,137,137,,4096.29,4094.81,10,2.3,"ZhuZhouLeMing","China",1,0,"N/A","Large Standard-Size",4.65,11.1,15.31,0.51,397.86,1097.54,"07/31/2025",8,7,0,13.66
"https://amazon.com/dp/B003IN7YN2","https://m.media-amazon.com/images/I/91IUgQH-LpL._SX450_.jpg","B003IN7YN2","Kamui - The Lone Ninja Blu-ray","Manga Entertainment","FBM","Movies & TV",452679,"N/A","N/A",5022366802246,"N/A",,97367,29.38,-29,136,136,60,4090.33,4090.22,29,3.4,"OxfordshireEngland","United Kingdom of Great Britain and Northern Ireland",5,1946,769,"Small Standard-Size",7.1,5.42,0.58,0.18,"N/A","N/A","11/30/2024",156,1,0,4.69
"https://amazon.com/dp/B09NRCXVFD","https://m.media-amazon.com/images/I/71y55QVAYVL._SX450_.jpg","B09NRCXVFD","MY SON - DVD","N/A","FBM","Movies & TV",283094,"N/A","N/A",3512392432576,"N/A",,216338,29.75,-27,136,136,57,4088.8,4088.6,98,3.6,"Prestivo","France",2,1474,"N/A","Small Standard-Size",0.67,5.39,7.52,0.2,"N/A","N/A","11/30/2024",44,1,0,1.38
"https://amazon.com/dp/B0BYZ8PBV4","https://m.media-amazon.com/images/I/71JNKrDu47L._SX450_.jpg","B0BYZ8PBV4","amFilm [3+3 Pack 3D Curved Tempered Glass for S23 Ultra Screen Protector Samsung Galaxy 6.8 Inch with Liquid Dispersion Tech, Designed for Fingerprint Reader, Upgraded Easier Application Tray.","amFilm","FBA","Cell Phones & Accessories",25127,"N/A","N/A","N/A","N/A","Screen Protectors",1895,29.99,-13,136,136,9,4088.48,4087,263,3.6,"TechMatte","USA",1,1601,-48,"Large Standard-Size",1.57,4.65,8.46,0.51,31.1,85.78,"10/31/2023",29,6,0,0.52
"https://amazon.com/dp/B00005K9PL","https://m.media-amazon.com/images/I/51FXNGPM5CL._SX450_.jpg","B00005K9PL","Jackie Mason Comedy Trilogy [DVD]","Kulter","FBA","Movies & TV",110772,032031255197,00032031255197,9780769725512,0769725511,,11996,26.98,76,104,104,64,4082.3,4081.69,25,3.7,"Thumbtack Sales","USA",3,1011,2874,"Small Standard-Size",7.5,5.3,0.6,0.15,12.01,33.12,"11/30/2024",222,1,0,4.16
"https://amazon.com/dp/B0B8SB1HWP","https://m.media-amazon.com/images/I/61gWX+7nuWL._SX450_.jpg","B0B8SB1HWP","Foruly Washer Tub Bearings and Seal Kit for Samsung Replacement Parts DC62-00156A, 6601-002632, 6601-002516 Fit for Samsung Washer Seal Bearing Kit","Foruly","FBA","Tools & Home Improvement",57870,"N/A","N/A","N/A","N/A","Replacement Parts",757,29.99,-37,136,136,37,4079.8,4078.32,112,3.7,"Foruly","China",1,1506,3,"Large Standard-Size",1.97,3.15,5.67,1.81,17.71,48.87,"04/30/2024",36,8,0,1.21
"https://amazon.com/dp/B0DT9ZCYX5","https://m.media-amazon.com/images/I/81e6uTC4avL._SX450_.jpg","B0DT9ZCYX5","Evil Bong 3D: Wrath of Bong [Blu-ray]","Full Moon Pictures","Amazon","Movies & TV",259602,850042504956,"N/A",0850042504956,"N/A",,7585,27.56,-21,148,148,14,4078.84,4077.21,"N/A","N/A","Amazon","N/A",8,0,"N/A","Large Standard-Size",1.1,5.94,8.15,0.28,"N/A","N/A","06/30/2025",7,2,0,"N/A"
"https://amazon.com/dp/B00009V7O8","https://m.media-amazon.com/images/I/41auuJBiTPL._SX450_.jpg","B00009V7O8","Sappho '68","Guilty Pleasures","FBM","Movies & TV",232634,631595030655,09781586554798,9781586554798,1586554794,,19156,28.98,-17,141,141,76,4077.24,4075.67,3,1.5,"horrorcinemah","USA",1,844,84300,"Small Standard-Size",7.1,5.42,0.58,0.18,"N/A","N/A","06/30/2025",227,1,0,46.9
"https://amazon.com/dp/B0CMF4WMZD","https://m.media-amazon.com/images/I/51GPvHK2e0L._SX450_.jpg","B0CMF4WMZD","Tu Jhooti Main Makkar Hindi Movie - Film DVD -English Subtitles(NTSC)","Movie Time Video","FBM","Movies & TV",196914,619660127011,"N/A",0619660127011,"N/A",,145779,29.99,-12,136,136,66,4076.2,4074.7,"N/A","N/A","MegaMovieBazar","USA",1,1137,"N/A","Large Standard-Size",11,10,1,0.38,"N/A","N/A","12/31/2024",21,2,0,"N/A"
"https://amazon.com/dp/B0F8L4MBQF","https://m.media-amazon.com/images/I/91sDgJhaBbL._SX450_.jpg","B0F8L4MBQF","The Devil's Bride","Deaf Crocodile","Amazon","Movies & TV",34951,850066568347,"N/A",0850066568347,"N/A",,13872,29.95,-17,136,136,,4073.22,4072.86,"N/A","N/A","Amazon","N/A",1,0,"N/A","Small Standard-Size",6.73,5.31,0.51,0.24,"N/A","N/A","06/30/2025",3,3,0,"N/A"
"https://amazon.com/dp/B0FFN86JRJ","https://m.media-amazon.com/images/I/71wvc2n5--L._SX450_.jpg","B0FFN86JRJ","BIG MONEY[Silver LP] [Amazon Exclusive]","Verve","Amazon","CDs & Vinyl",2557,602478538889,"N/A",0602478538889,"N/A","N/A","N/A",29.99,-26,136,136,,4072.77,4071.3,"N/A","N/A","Amazon","N/A",1,0,"N/A","Large Standard-Size",0.87,12.95,15,1.11,"N/A","N/A","07/31/2025",1,1,0,"N/A"
"https://amazon.com/dp/B0DJ3B49NL","https://m.media-amazon.com/images/I/81x6vtZX3ZL._SX450_.jpg","B0DJ3B49NL","Island Of Fire [Standard] [Blu-ray]","88 Films","Amazon","Movies & TV",196894,"N/A","N/A",5060710974430,"N/A",,10569,24.99,-35,149,149,-1,4071.22,4069.6,"N/A","N/A","Amazon","N/A",6,0,"N/A","Small Standard-Size",0.63,5.2,6.73,0.15,"N/A","N/A","12/31/2024",10,4,0,"N/A"
"https://amazon.com/dp/B09PKTXK3T","https://m.media-amazon.com/images/I/314S7Siy72L._SX450_.jpg","B09PKTXK3T","Kerlista replaecmet Part 308210009+309562007 Gearbox Geacase Gearhead Assembly fits for Ryobi homelite Craftsman mtd and More String Trimmer","Kerlista","FBA","Patio, Lawn & Garden",61662,752859078227,"N/A",0752859078227,"N/A","Replacement Parts",1070,25.68,10,130,130,-50,4061.54,4061.38,125,3.6,"tamike","China",1,1131,1,"Large Standard-Size",3.84,7.78,9.25,1.15,139.13,383.81,"04/30/2025",40,5,0,1.04
"https://amazon.com/dp/B0FD2J6J4R","https://m.media-amazon.com/images/I/51bLG81ItVL._SX450_.jpg","B0FD2J6J4R","Wicked Tarot Deck and Guidebook (Tarot/Oracle Decks)","N/A","Amazon","Books",107342,"N/A",19798886635611,9798886635614,"N/A","Art",276,27.99,-39,145,145,,4061.92,4060.35,"N/A","N/A","Amazon","N/A",1,0,"N/A","Large Standard-Size",3.88,1.8,5.81,1.11,"N/A","N/A","06/30/2025",2,6,0,"N/A"
"https://amazon.com/dp/B01BSP2XEG","https://m.media-amazon.com/images/I/515Y+Bu690L._SX450_.jpg","B01BSP2XEG","Iron Claw DVD","角川書店 (映像)","FBM","Movies & TV",435357,"N/A","N/A",4988111291493,"N/A",,343874,25.89,-23,147,147,91,4061.3,4059.83,2,3.2,"Amazon Japan","Japan",4,0,"N/A","Small Standard-Size",0.63,5.35,7.56,0.18,"N/A","N/A","11/30/2024",112,1,0,73.28
"https://amazon.com/dp/B002FG9N96","https://m.media-amazon.com/images/I/91ia7BV4MfL._SX450_.jpg","B002FG9N96","The Elephant King","Sony Pictures","FBA","Movies & TV",465425,741952671497,00741952671497,0741952671497,"N/A",,55246,29.38,-22,138,138,109,4059.82,4058.75,13,2.7,"RapidPrimePros","USA",2,833,"N/A","Small Standard-Size",7.5,5.4,0.6,0.2,12.23,33.75,"06/30/2025",193,1,0,10.58
"https://amazon.com/dp/B00JXW11NG","https://m.media-amazon.com/images/I/910u292K07L._SX450_.jpg","B00JXW11NG","40"" Black Rolling Wheeled Duffle Bag Spinner Suitcase Luggage - 5 Wheels","Generic","FBM","Clothing, Shoes & Jewelry",200387,608866975021,"N/A",0608866975021,"N/A","Travel Duffels",491,28.89,-15,139,139,21,4059.12,4058.12,175,3.6,"Elite E-Commerce Emporium","USA",7,1383,297,"Large bulky",2,15,25.01,5,"N/A","N/A","06/30/2025",136,4,0,0.8
"https://amazon.com/dp/B0DKPKLKDV","https://m.media-amazon.com/images/I/51oNRNiR0JL._SX450_.jpg","B0DKPKLKDV","DeWALT Professional Wand and Shut-Off Replacement Kit for use with Sprayer, Model DXSP190612 and DXSP190652","DEWALT","Amazon","Patio, Lawn & Garden",20466,841688006416,"N/A",0841688006416,"N/A","Sprayers",148,22.98,"N/A",127,127,,4050.34,4050.18,1,2,"Amazon","N/A",1,0,"N/A","Large bulky",1.97,5.51,26.73,1.06,"N/A","N/A","06/30/2025",5,2,0,127
"https://amazon.com/dp/B000R349IO","https://m.media-amazon.com/images/I/81iTW8+sGUL._SX450_.jpg","B000R349IO","LILIES","AcornMedia","FBA","Movies & TV",163126,054961949793,00054961949793,0054961949793,"N/A",,24334,29.99,"N/A",105,105,-51,4049.75,4049.14,368,3.7,"RapidPrimePros","USA",2,679,884,"Large Standard-Size",7.6,5.4,0.9,0.6,18.6,51.3,"05/31/2025",219,2,0,0.29
"https://amazon.com/dp/B0077RTS48","https://m.media-amazon.com/images/I/71JTIpqsKpL._SX450_.jpg","B0077RTS48","Snowtown (2011) ( I poli tou hioniou ) ( Snow town murders ) [ NON-USA FORMAT, Blu-Ray, Reg.B Import - France ]","N/A","FBM","Movies & TV",336732,"N/A","N/A",5050582887594,"N/A",,15018,26.98,-33,150,150,14,4050.56,4048.97,20,3.7,"DaaVeeDee","USA",3,1846,"N/A","Small Standard-Size",6.69,5.35,0.47,0.18,"N/A","N/A","11/30/2024",156,1,0,7.51
"https://amazon.com/dp/B0B4B4Z5GP","https://m.media-amazon.com/images/I/415s7QYPdRL._SX450_.jpg","B0B4B4Z5GP","Grand Trunk Railroad in the 1990s, Part 2","N/A","FBM","Movies & TV",425429,601577878094,"N/A",0601577878094,"N/A",,335305,29.95,-18,135,135,116,4047.16,4047.03,"N/A","N/A","RailfanDepot","USA",1,449,"N/A","Small Standard-Size",8,6.5,0.33,0.25,"N/A","N/A","06/30/2025",38,1,0,"N/A"
"https://amazon.com/dp/B0CZTXGSFD","https://m.media-amazon.com/images/I/71SM1ab8JXL._SX450_.jpg","B0CZTXGSFD","Disney Junior - Henry Hugglemonster 2-Pack: Roarsome Tales & Meet the Hugglemonsters [DVD + Book] Includes: Llama Llama 5-minute Stories Hardcover Book","GOGO1","FBA","Movies & TV",442410,606795840076,"N/A",0606795840076,"N/A",,349942,30,-21,135,135,98,4045.03,4044.9,"N/A","N/A","TheBuyz","USA",1,767,"N/A","Large Standard-Size",8,6,1,2,24.17,66.67,"06/30/2025",16,2,0,"N/A"
"https://amazon.com/dp/B00ECZJ0FU","https://m.media-amazon.com/images/I/71IezPVcHrL._SX450_.jpg","B00ECZJ0FU","Cupid's Arrow (2010) [ NON-USA FORMAT, Blu-Ray, Reg.B Import - Germany ]","N/A","FBM","Movies & TV",343087,"N/A",04041658296410,4041658296410,"N/A",,15132,28.98,-50,140,140,11,4042.83,4041.35,2,2.3,"DaaVeeDee","USA",1,0,"N/A","Small Standard-Size",7.1,5.42,0.58,0.18,"N/A","N/A","06/30/2025",144,9,0,69.76
"https://amazon.com/dp/B000E6UXOS","https://m.media-amazon.com/images/I/51BCZoIb7sL._SX450_.jpg","B000E6UXOS","Danielle Steel's Message From Nam [DVD]","N/A","FBA","Movies & TV",104876,"N/A",05030305104337,5030305104337,"N/A",,73439,29.99,-8,135,135,9,4038.08,4036.58,152,3.2,"RapidPrimePros","USA",6,1659,1157,"Small Standard-Size",7.1,5.42,0.58,0.18,11.28,31.12,"11/30/2024",182,1,0,0.89
"https://amazon.com/dp/B0FHJ852WJ","https://m.media-amazon.com/images/I/71WVDCnBGSL._SX450_.jpg","B0FHJ852WJ","HarmoSlim - Advanced Premium Daily Formula Capsules, HarmoSlim Pills Support, All Natural Ingredients Premium Support for Overall Health & Wellness Lifestyle, 60 Capsules for 1 Month","LIVORKA","FBA","Health & Household",258352,"N/A",10850076944282,"N/A","N/A","Blended Vitamin & Mineral Supplements",12134,27.95,-3,141,141,,4034.96,4034.84,3,3.5,"SunriseSelections","USA",2,0,"N/A","Large Standard-Size",1.85,1.89,3.78,0.33,6.65,18.36,"06/30/2025",1,8,0,47.11
"https://amazon.com/dp/B000N3SU6K","https://m.media-amazon.com/images/I/81xoKbefbFL._SX450_.jpg","B000N3SU6K","Casi Casi","HBO HOME VIDEO","FBA","Movies & TV",91472,026359409820,00026359409820,0026359409820,"N/A",,10253,29.49,9,122,122,5,4032.85,4032.04,126,3.2,"BE_UNIQ","USA",4,1396,241,"Small Standard-Size",7.4,5.3,0.6,0.15,11.85,32.68,"02/29/2024",222,1,0,0.98
"https://amazon.com/dp/B0F6LHTCQ3","https://m.media-amazon.com/images/I/41Id-R7ONdL._SX450_.jpg","B0F6LHTCQ3","TWIZIUAO Bed Lock Sheet Holder: Fitted Sheet Straps ABS Plastic Sheet Clips Keep Sheet Firm & Tight - 2025 New Upgrade Bed Sheet Holders for Corners - Restless Sleepers","TWIZIUAO","FBA","Home & Kitchen",333940,"N/A","N/A","N/A","N/A","Sheet Fasteners",234,28.99,-69,137,137,,4030.8,4029.38,6,3.7,"newrichgreat2021","China",1,0,"N/A","Large Standard-Size",2.32,12.45,17.65,4.12,256.67,708.06,"07/31/2025",4,7,1,22.85
"https://amazon.com/dp/B0000ALPHI","https://m.media-amazon.com/images/I/21BOLKAdRlL._SX450_.jpg","B0000ALPHI","Shape Of Things, The (Ws)","N/A","FBM","Movies & TV",276670,065935149439,"N/A",0065935149439,"N/A",,210992,29.99,-34,135,135,54,4028.99,4028.61,3,3.1,"Definitive Discs & Collectibles","USA",3,1249,"N/A","Small Standard-Size",0.59,5.12,7.48,0.31,"N/A","N/A","11/30/2024",182,1,0,44.84
"https://amazon.com/dp/B0DH5HFPNV","https://m.media-amazon.com/images/I/81r7YX8wTRL._SX450_.jpg","B0DH5HFPNV","(2 Pack) Vital Surge - Vital Surge for Men Gummies, Vital Vita Surge Max Maximum Strength 1050 MG, VitalSurge Supplement Support Gummy Advanced Formula, Premium Vitamin Gomitas (120 Gummies)","LIVORKA","FBA","Health & Household",92238,"N/A",10850068375056,"N/A","N/A","Blended Vitamin & Mineral Supplements",3988,29.95,-5,129,129,-10,4027.66,4027.51,231,3.2,"SunriseSelections","USA",2,0,"N/A","Large Standard-Size",2.28,4.84,5.35,0.95,29.72,82,"10/31/2024",11,5,0,0.56
"https://amazon.com/dp/B0CFLV946S","https://m.media-amazon.com/images/I/61SKsgdtfNL._SX450_.jpg","B0CFLV946S","Fuel Valve Petcock and Lever knob SPRING kit For Polaris 300 400L Big Boss 250 300 300L 400L Magnum 425 Scrambler 400 500 Trail Blazer 250 Trail Boss 250 350L Sportsman 400 7051006 5431391","MOTO1988","FBA","Automotive",50260,737494091640,"N/A",0737494091640,"N/A","Valve Parts",21,27.99,2,144,144,-20,4027.76,4026.19,80,3.7,"moto1988ky","China",1,1709,"N/A","Large Standard-Size",1.97,3.39,4.96,0.26,16.68,46.01,"10/31/2024",24,6,0,1.8
"https://amazon.com/dp/B0DC4LFX5G","https://m.media-amazon.com/images/I/617b5CmCmJL._SX450_.jpg","B0DC4LFX5G","Greatest Days: The Official Take That Musical - Special Edition All-Region/1080p","N/A","FBA","Movies & TV",170175,"N/A","N/A",9337369043401,"N/A",,46668,28.9,-7,147,147,75,4027.51,4026.11,3,3.7,"Smokecds","New Zealand",12,0,"N/A","Small Standard-Size",0.71,5.4,6.86,0.22,13.24,36.53,"12/31/2024",12,1,0,49.16
"https://amazon.com/dp/B0D33ZJ2B2","https://m.media-amazon.com/images/I/718NX+URbxL._SX450_.jpg","B0D33ZJ2B2","Game of Pleasure [Blu-ray]","Vinegar Syndrome","Amazon","Movies & TV",153393,814456029504,"N/A",0814456029504,"N/A",,5424,26.49,-22,148,148,11,4027.19,4025.62,3,2.9,"Amazon","N/A",1,1678,"N/A","Small Standard-Size",0.55,5.35,6.77,0.15,"N/A","N/A","11/30/2024",15,8,0,49.48
"https://amazon.com/dp/B0000719UC","https://m.media-amazon.com/images/I/51S22TPG9NL._SX450_.jpg","B0000719UC","Baby Gourmet - The First Course [DVD]","Yum Yum Studios","FBA","Movies & TV",275310,801696549138,00801696549138,0801696549138,"N/A",,4606,28.79,29,108,108,64,4023.69,4023.28,2,2.7,"RapidPrimePros","USA",2,367,"N/A","Small Standard-Size",7.1,5.42,0.58,0.18,11.28,31.12,"06/30/2025",222,1,0,53.91
"https://amazon.com/dp/B000PMLDUE","https://m.media-amazon.com/images/I/51GUowbc4dL._SX450_.jpg","B000PMLDUE","Reshma Aur Shera","Baba","FBM","Movies & TV",404083,792097219143,"N/A",0792097219143,"N/A",,50102,30,-32,123,123,59,4019.59,4018.65,1,3,"Rahul & I","USA",2,994,"N/A","Small Standard-Size",7.1,5.42,0.58,0.18,"N/A","N/A","11/30/2024",220,1,0,123.48
"https://amazon.com/dp/B01EGC9JPE","https://m.media-amazon.com/images/I/91+MltVScGL._SX450_.jpg","B01EGC9JPE","BBC Shakespeare 400th Anniversary (4PK/Giftset/DVD)","BBC","FBM","Movies & TV",257853,883929544257,00883929544257,0883929544257,"N/A",,195365,29.99,-29,129,129,-8,4019.77,4018.49,27,3.7,"Unique Treasures Store","USA",5,1107,529,"Large Standard-Size",1.8,7.7,10.9,1.1,"N/A","N/A","11/30/2024",112,2,0,4.78
"https://amazon.com/dp/B09XN7DF63","https://m.media-amazon.com/images/I/81SafjQHWrL._SX450_.jpg","B09XN7DF63","Yellow Flower (Korean Movie)","일반","FBA","Movies & TV",95106,"N/A","N/A",8809177108180,"N/A",,65883,30,-33,134,134,52,4015.27,4015.14,"N/A","N/A","movie247day","Korea, Republic of",1,1103,594,"Small Standard-Size",7.68,5.31,0.57,0.22,11.73,32.35,"11/30/2024",40,1,0,"N/A"
"https://amazon.com/dp/B07DH4D1WD","https://m.media-amazon.com/images/I/81EPV6+s6NL._SX450_.jpg","B07DH4D1WD","Pilchuck: A Dance With Fire, A Documentary on the History of the World's Premiere Glass Art School","N/A","FBA","Movies & TV",478034,"N/A","N/A","N/A","N/A",,101769,29.99,-38,134,134,8,4012.73,4011.29,"N/A","N/A","Home Of The Future","USA",2,1916,"N/A","Small Standard-Size",6.75,5.5,0.5,0.16,9.35,25.78,"11/30/2024",86,2,0,"N/A"
"https://amazon.com/dp/B0F752DRF8","https://m.media-amazon.com/images/I/61knmqXRpSL._SX450_.jpg","B0F752DRF8","Flash Burn Drops - Official FlashBurn Liquid Drops Premium Advanced Formula All Natural Support, Flash Burn for Overall Health & Daily Wellness Droppers Reviews, 1 Bottle for 1 Month","LIVORKA","FBA","Health & Household",109068,"N/A",20850072765611,"N/A","N/A","Blended Vitamin & Mineral Supplements",4794,29.95,-30,129,129,876,4002.92,4002.78,8,3.1,"SunriseSelections","USA",2,0,"N/A","Large Standard-Size",1.93,1.93,8.46,0.31,15.87,43.77,"06/30/2025",3,8,0,16.11
"https://amazon.com/dp/B0F21XQ2W4","https://m.media-amazon.com/images/I/61aEmkkGriL._SX450_.jpg","B0F21XQ2W4","HOXWELL 2 Pack Parking Mats for Garage Floors, 21.6"" x 11"" x 1.9"" Heavy Duty Garage Car Parking Mat with High Visibility, Wheel Stops for Car Truck Indoor Outdoor, Yellow","HOXWELL","FBA","Automotive",66933,"N/A","N/A","N/A","N/A","Floor & Parking Mats",77,28.99,20,138,138,,4004.02,4002.52,12,3.3,"RBNB","China",1,0,"N/A","Large bulky",2.5,11.7,22,3.35,323.98,893.75,"06/30/2025",3,8,0,11.51
"https://amazon.com/dp/B0DYH2RKSP","https://m.media-amazon.com/images/I/71uWEbbb1aL._SX450_.jpg","B0DYH2RKSP","Adult Only 18+ [Smash Pictures/Pink Velvet] 2 Hosers DVD","N/A","FBM","Movies & TV",387652,602835359751,"N/A",0602835359751,"N/A",,303705,29.95,"N/A",133,133,,3996.49,3996.39,"N/A","N/A","guiderock","USA",1,0,"N/A","Large Standard-Size",7,5,1,0.38,"N/A","N/A","06/30/2025",6,1,0,"N/A"
"https://amazon.com/dp/1441346473","https://m.media-amazon.com/images/I/81U-ziXPwYL._SX450_.jpg",1441346473,"Winnie-the-Pooh Baby Book - The First Five Years","PETER PAUPER PRESS","Amazon","Books",33614,"N/A",09781441346476,9781441346476,"978-1441346476","Early Childhood",104,29.95,7,135,135,,3995.68,3995.55,"N/A","N/A","Amazon","N/A",2,0,"N/A","Large Standard-Size",12.12,10.87,3,2,"N/A","N/A","07/31/2025",5,8,0,"N/A"
"https://amazon.com/dp/B00AOO5P0M","https://m.media-amazon.com/images/I/51LZjkGaq8L._SX450_.jpg","B00AOO5P0M","The Red Menace [Blu-ray]","Olive Films","FBA","Movies & TV",214108,887090055406,00887090055406,0887090055406,"N/A",,11041,30,-21,133,133,5,3991.89,3991.75,11,3.5,"TheBuyz","USA",3,1728,608,"Small Standard-Size",7.1,5.42,0.58,0.18,11.28,31.12,"06/30/2025",152,1,0,12.1
"https://amazon.com/dp/B0F8JF9CQZ","https://m.media-amazon.com/images/I/51REBOshDEL._SX450_.jpg","B0F8JF9CQZ","Rectangle White Lamp Shade, Square Large Linen Lamp Shades, Top 7""x12.5"", Bottom 9""x15"", Height 9.8"", Includes 1 Harp Holder,2 Adapters, Fits Table,Floor and Wall Lamp Shades, Easy Assembly","WOLEILEJIN","FBA","Tools & Home Improvement",140176,"N/A","N/A","N/A","N/A","Lamp Shades",421,29.99,-2,138,138,,3987.89,3986.39,4,3,"WOLEILEJIN","China",1,0,"N/A","Large Standard-Size",1.73,10.2,16.1,1.87,143.04,394.58,"06/30/2025",3,7,0,34.48
"https://amazon.com/dp/B000MGBQIW","https://m.media-amazon.com/images/I/51RGuWRTO7L._SX450_.jpg","B000MGBQIW","The Tangerine Dream DVD","Tangerine","FBM","Movies & TV",112724,684515052213,"N/A",0684515052213,"N/A",,1647,29.99,-27,133,133,,3986.95,3985.53,7,3.1,"Booksabillions","USA",2,487,2335,"Small Standard-Size",7.1,5.42,0.58,0.18,"N/A","N/A","07/31/2025",264,1,0,19
"https://amazon.com/dp/B0B727KM8B","https://m.media-amazon.com/images/I/71ftq9VrAuL._SX450_.jpg","B0B727KM8B","Intelliguard Pro Anti-Snoring Device - Moldable & Adjustable - Stop Snoring Night Guard for Clenching Gnashing & Snore by Somnos Anti-Snoring Mouth Guard","Intelliguard","FBA","Health & Household",123455,811313032646,"N/A",0811313032646,"N/A","Snore Reducing Aids",269,29.99,-6,133,133,-41,3984.19,3982.7,111,3.3,"No Ronfler LLC","USA",1,1487,"N/A","Large Standard-Size",1.54,3.11,3.27,0.13,7.89,21.75,"04/30/2024",37,5,0,1.2
"https://amazon.com/dp/B0F1DSWQX1","https://m.media-amazon.com/images/I/81GH-KT+kZL._SX450_.jpg","B0F1DSWQX1","Cannonball Run + The Best Little Whorehouse In Texas (2-Pack)","Generic","FBA","Movies & TV",85932,"N/A","N/A","N/A","N/A",,6367,29.95,-17,133,133,,3981.55,3981.43,"N/A","N/A","Two Thumbs Up","Canada",1,0,"N/A","Large Standard-Size",6.8,5.4,1,0.27,18.49,51,"06/30/2025",5,1,0,"N/A"
"https://amazon.com/dp/B0FFGPF2WJ","https://m.media-amazon.com/images/I/61yzAKzSUnL._SX450_.jpg","B0FFGPF2WJ","NutraVibe Audifort – Daily Hearing Support Drops with a Clean Liquid Formula for Ear Health, Auditory Clarity and Inner Ear Balance | Plant-Based, Easy-to-Use Droppers (30 Servings)","NutraVibe","FBA","Health & Household",202730,"N/A","N/A","N/A","N/A","Detox & Cleanse",1492,27.95,6,140,140,,3981.5,3981.36,1,2,"Rize Labs","USA",2,0,"N/A","Large Standard-Size",1.46,1.61,4.57,0.24,5.41,14.92,"06/30/2025",2,8,0,140.07
"https://amazon.com/dp/B07BRG2SF6","https://m.media-amazon.com/images/I/41KLciDtdTL._SX450_.jpg","B07BRG2SF6","Ascension (2002) [ Blu-Ray, Reg.A/B/C Import - Sweden ]","N/A","FBM","Movies & TV",373562,"N/A","N/A",7340110409649,"N/A",,15765,24.98,-86,148,148,26,3976.41,3974.92,4,3.1,"cdbaron","USA",1,0,"N/A","Small Standard-Size",0.39,5.35,6.73,0.18,"N/A","N/A","06/30/2025",39,1,0,37.06
"https://amazon.com/dp/B0FBLNGSW9","https://m.media-amazon.com/images/I/61XQhrLf5BL._SX450_.jpg","B0FBLNGSW9","Qagea W11307244 W10682535 Washer Lid Lock Assembly (3-Wire) with W10837741 Lid Strike, Fit for Whirlpool Maytag Amana Kenmore, Washing Machine Door Latch Replaces W10838613 W10838613VP W11253733","Qagea","FBA","Tools & Home Improvement",65197,"N/A","N/A","N/A","N/A","Washer Parts & Accessories",226,27.99,-28,142,142,,3974.51,3973,"N/A","N/A","Chunle","China",1,0,"N/A","Large Standard-Size",1.69,4.41,6.06,0.29,22.74,62.73,"07/31/2025",2,6,0,"N/A"
"https://amazon.com/dp/B00O7HSHGQ","https://m.media-amazon.com/images/I/71okEdV0zhL._SX450_.jpg","B00O7HSHGQ","The Distance (2014) ( La distancia ) (Blu-Ray & DVD Combo) [ Blu-Ray, Reg.A/B/C Import - Spain ]","N/A","FBM","Movies & TV",362287,"N/A","N/A",8436540906106,"N/A",,82760,26.98,-16,147,147,25,3965.92,3964.34,7,3.4,"DaaVeeDee","USA",3,1731,627,"Large Standard-Size",7.64,5.43,1.57,0.53,"N/A","N/A","11/30/2024",130,2,0,21